file_id,true_id,pred_id,true_label,pred_label,zip_file,logit_0,logit_1,logit_2,logit_3,logit_4,target_col,fold_idx,fold_name
0,0,0,口呼吸,口呼吸,AB，口呼吸，10组-0302195257.zip,1.351171851158142,-2.1708984375,-2.374804735183716,-0.22689208388328552,1.234619140625,label,0,stratified:0
1,0,0,口呼吸,口呼吸,AB，口呼吸，10组4-0302204201.zip,1.3698241710662842,-2.202441453933716,-2.3812499046325684,-0.23383788764476776,1.250097632408142,label,0,stratified:0
2,0,3,口呼吸,鼻塞,AB，口呼吸，11组-0302193307.zip,0.4621692895889282,-1.8509410619735718,-1.5079456567764282,0.60870361328125,0.2986852526664734,label,0,stratified:0
6,3,3,鼻塞,鼻塞,AB，右鼻塞，15组-0303191344.zip,0.26850178837776184,-1.9358724355697632,-1.2985514402389526,0.862274169921875,0.052881620824337006,label,0,stratified:0
8,3,3,鼻塞,鼻塞,AB，右鼻塞，5组-0303193246.zip,-0.9024413824081421,-1.697265625,-0.17415770888328552,1.9835937023162842,-1.250341773033142,label,0,stratified:0
9,1,1,咳嗽,咳嗽,AB，咳嗽，20组-0303223511.zip,-1.3994140625,3.8833985328674316,-1.347998023033142,-2.320507764816284,-1.0993163585662842,label,0,stratified:0
11,2,2,锻炼,锻炼,AB，小跑，14组-0303204955.zip,-2.7735769748687744,-1.2859236001968384,3.1058871746063232,1.1183732748031616,-3.5662667751312256,label,0,stratified:0
12,2,2,锻炼,锻炼,AB，小跑，15组-0303202050.zip,-2.810286521911621,-1.1775065660476685,3.105729103088379,1.072119116783142,-3.5888020992279053,label,0,stratified:0
14,3,3,鼻塞,鼻塞,AB，左鼻塞，10组1-0302210613.zip,-0.360107421875,-1.6765625476837158,-0.727856457233429,1.417572021484375,-0.604235827922821,label,0,stratified:0
16,3,3,鼻塞,鼻塞,AB，左鼻塞，16组-0302213828.zip,-0.07177925109863281,-1.77105712890625,-0.8918914794921875,1.0792350769042969,-0.30202293395996094,label,0,stratified:0
21,2,2,锻炼,锻炼,AB，跑步，15组3-0303214235.zip,-2.8611979484558105,-0.6733032464981079,3.1973958015441895,0.5493301153182983,-3.618880271911621,label,0,stratified:0
22,2,2,锻炼,锻炼,AB，跑步，17组4-0303220556.zip,-2.2830450534820557,-0.16559197008609772,2.063333034515381,0.3606055676937103,-2.7354233264923096,label,0,stratified:0
25,4,0,鼻子呼吸,口呼吸,鼻呼吸，20组，每组60s-0302155750.zip,0.7222320437431335,-1.991064429283142,-1.687292456626892,0.3089088499546051,0.5728484988212585,label,0,stratified:0
3,0,4,口呼吸,鼻子呼吸,AB，口呼吸，16组-0302201804.zip,0.0513153076171875,-0.06328040361404419,-0.35797882080078125,0.036321550607681274,0.07380831241607666,label,1,stratified:1
4,0,4,口呼吸,鼻子呼吸,AB，口呼吸，3组-0302162441.zip,0.08697509765625,-0.0416819266974926,-0.4790852963924408,-0.0009524027700535953,0.0971272811293602,label,1,stratified:1
5,3,2,鼻塞,锻炼,AB，右鼻塞，10组1-0303182912.zip,-0.10489501804113388,-0.2607437074184418,0.2691894471645355,0.2630767822265625,-0.05682678148150444,label,1,stratified:1
7,3,2,鼻塞,锻炼,AB，右鼻塞，20组2-0303185241.zip,-0.14766807854175568,-0.307364284992218,0.3907774090766907,0.30275726318359375,-0.06956233829259872,label,1,stratified:1
10,1,3,咳嗽,鼻塞,AB，咳嗽，30组-0303222317.zip,-0.012849807739257812,0.04833577573299408,-0.10608723759651184,0.080835722386837,-0.09422200173139572,label,1,stratified:1
13,2,2,锻炼,锻炼,AB，小跑，21组-0303195913.zip,-0.496279776096344,-0.7558128833770752,1.330078125,0.529052734375,-0.1807628870010376,label,1,stratified:1
15,3,2,鼻塞,锻炼,AB，左鼻塞，11组-0302215334.zip,-0.2930908203125,-0.49020662903785706,0.6829389929771423,0.3585648834705353,-0.03314928710460663,label,1,stratified:1
17,3,3,鼻塞,鼻塞,AB，左鼻塞，5组-0302211931.zip,-0.058197021484375,-0.20124205946922302,0.02031249925494194,0.16761617362499237,0.02233276329934597,label,1,stratified:1
18,3,2,鼻塞,锻炼,AB，左鼻塞，9组-0302220517.zip,-0.3049299418926239,-0.5012749433517456,0.7579820156097412,0.3749593198299408,-0.05541229248046875,label,1,stratified:1
19,2,2,锻炼,锻炼,AB，跑步 12组-0303210825.zip,-0.3837788999080658,-0.5916544795036316,1.00531005859375,0.4267171323299408,-0.10991159826517105,label,1,stratified:1
20,2,2,锻炼,锻炼,AB，跑步，10组2-0303212056.zip,-0.4212402403354645,-0.6307373046875,1.1196777820587158,0.4486328065395355,-0.135467529296875,label,1,stratified:1
23,4,4,鼻子呼吸,鼻子呼吸,AB，鼻呼吸，21组-0302151202.zip,0.0484778992831707,-0.0607379749417305,-0.3554004430770874,0.040658723562955856,0.06794411689043045,label,1,stratified:1
24,4,3,鼻子呼吸,鼻塞,AB，鼻呼吸，9组-0302161400.zip,-0.0604417584836483,-0.1859588623046875,0.0082774693146348,0.14706844091415405,0.019114812836050987,label,1,stratified:1
