target_col,fold_idx,fold_name,epoch,train_loss_aug,train_loss_eval,train_file_accuracy,train_file_macro_f1,train_segment_accuracy,train_segment_macro_f1,val_file_accuracy,val_file_macro_f1,val_segment_accuracy,val_segment_macro_f1
label,0,stratified:0,1,1.6054566943127175,1.6004069162451702,0.2,0.06666666666666668,0.2826086956521739,0.16064400715563507,0.0,0.0,0.0,0.0
label,0,stratified:0,2,1.5159655947616135,1.5785928256269814,0.2,0.07272727272727272,0.32608695652173914,0.18792929292929292,0.3333333333333333,0.16666666666666666,0.5,0.18181818181818182
label,0,stratified:0,3,1.309651632239853,1.4118533549101457,0.4,0.3333333333333333,0.4420289855072464,0.338997298535738,0.3333333333333333,0.16666666666666666,0.4166666666666667,0.12903225806451613
label,0,stratified:0,4,1.018844787625299,0.980701724688212,0.6,0.5542857142857143,0.6086956521739131,0.52822602078561,0.3333333333333333,0.16666666666666666,0.5416666666666666,0.2923280423280423
label,0,stratified:0,5,0.7410693946092025,0.6752561227135037,0.9,0.76,0.7391304347826086,0.6481455162295984,0.6666666666666666,0.5,0.625,0.35439560439560436
label,0,stratified:0,6,0.594417791435684,0.500124064044676,0.8,0.7,0.717391304347826,0.663390035118525,1.0,1.0,0.875,0.8657796451914099
label,0,stratified:0,7,0.49302184149838874,0.510505957879882,0.8,0.711111111111111,0.7608695652173914,0.6864674379525864,1.0,1.0,0.9166666666666666,0.9326923076923076
label,0,stratified:0,8,0.5526344197383826,0.39803170725919196,0.9,0.76,0.8405797101449275,0.724594641363946,0.6666666666666666,0.5,0.875,0.5
label,0,stratified:0,9,0.46703844960185065,0.9663451400356017,0.6,0.5142857142857143,0.6014492753623188,0.5324366110080396,0.3333333333333333,0.25,0.125,0.09375
label,0,stratified:0,10,0.45264780003091565,0.8850216390430063,0.6,0.6133333333333333,0.6521739130434783,0.6686352642234995,0.6666666666666666,0.5,0.2916666666666667,0.3319327731092437
label,0,stratified:0,11,0.4565778426502062,0.5607835762742637,0.7,0.6514285714285715,0.6666666666666666,0.6496211745244003,1.0,1.0,0.5833333333333334,0.37074504442925493
label,0,stratified:0,12,0.3938623152781224,0.38464277032492816,0.8,0.7,0.7608695652173914,0.7219195275009228,1.0,1.0,0.7916666666666666,0.49534161490683226
label,0,stratified:0,13,0.41541670370793,0.3056032441664433,0.9,0.8666666666666666,0.8695652173913043,0.8506122448979593,1.0,1.0,0.9166666666666666,0.7144607843137254
label,0,stratified:0,14,0.3226282985314079,0.3236797002778537,1.0,1.0,0.8840579710144928,0.8795771171566477,1.0,1.0,0.7916666666666666,0.5120879120879122
label,0,stratified:0,15,0.3355639097483262,0.284302136172419,0.9,0.8666666666666666,0.8840579710144928,0.8678959810874705,1.0,1.0,0.875,0.9011764705882354
label,0,stratified:0,16,0.3056773798189301,0.252245224904323,0.9,0.8666666666666666,0.9057971014492754,0.893010101010101,1.0,1.0,0.7083333333333334,0.5916666666666667
label,0,stratified:0,17,0.3133439449728399,0.7084291931511699,0.8,0.6333333333333333,0.7318840579710145,0.6299940582293523,0.6666666666666666,0.5,0.625,0.41238095238095235
label,0,stratified:0,18,0.2886503038630969,0.2650376515112061,1.0,1.0,0.8913043478260869,0.874986251860166,1.0,1.0,0.75,0.5064285714285715
label,1,stratified:1,1,1.6143402712685722,1.6055354068153782,0.2,0.06666666666666668,0.15789473684210525,0.05454545454545454,0.6666666666666666,0.4,0.7142857142857143,0.41666666666666663
label,1,stratified:1,2,1.5831269294695747,1.5962311038397308,0.6,0.3,0.48120300751879697,0.2216589861751152,0.6666666666666666,0.4,0.6571428571428571,0.264367816091954
label,1,stratified:1,3,1.514300479028458,1.5337990199712883,0.5,0.36,0.5714285714285714,0.3619451388465473,0.3333333333333333,0.16666666666666666,0.4,0.13023255813953488
label,1,stratified:1,4,1.4001599111055072,1.3554295122175288,0.6,0.49333333333333335,0.7142857142857143,0.6568497237708752,1.0,1.0,0.42857142857142855,0.27402402402402404
label,1,stratified:1,5,1.2450166734537684,1.173124386851949,0.9,0.9111111111111111,0.7518796992481203,0.6797202797202797,0.6666666666666666,0.6666666666666666,0.5142857142857142,0.2727272727272727
label,1,stratified:1,6,1.075606177624007,1.0782294309228884,0.7,0.5142857142857143,0.6766917293233082,0.6115557384827335,0.3333333333333333,0.25,0.3142857142857143,0.1882426516572858
label,1,stratified:1,7,0.91100595768233,0.9121690921317366,0.8,0.6933333333333332,0.6992481203007519,0.5664063267511543,0.3333333333333333,0.2222222222222222,0.22857142857142856,0.13333333333333333
label,1,stratified:1,8,0.7579512564759505,0.6920794033466425,0.9,0.8666666666666666,0.7969924812030075,0.7271314650262019,0.3333333333333333,0.25,0.2857142857142857,0.1878031878031878
label,1,stratified:1,9,0.6309611774925002,0.5583764843474653,0.9,0.76,0.8646616541353384,0.8213290322580645,1.0,1.0,0.6857142857142857,0.36467236467236464
label,1,stratified:1,10,0.6143983866935386,0.4777679685363196,1.0,1.0,0.849624060150376,0.8114245117081191,1.0,1.0,0.7142857142857143,0.5396825396825398
label,1,stratified:1,11,0.4654535817024403,0.4743191785830304,0.9,0.8666666666666666,0.8270676691729323,0.8055529850266693,0.6666666666666666,0.5555555555555555,0.45714285714285713,0.4220846233230134
label,1,stratified:1,12,0.530475005619508,1.0940929104511004,0.6,0.4333333333333333,0.6541353383458647,0.5374647581869443,0.3333333333333333,0.25,0.2571428571428571,0.16604938271604938
label,1,stratified:1,13,0.599272944873437,0.6912423076486229,0.9,0.8933333333333333,0.7518796992481203,0.6813364440774266,0.3333333333333333,0.25,0.2857142857142857,0.16517590936195586
label,1,stratified:1,14,0.47059032903578046,0.6859554043389801,0.9,0.76,0.7368421052631579,0.708756734413502,0.6666666666666666,0.6666666666666666,0.6571428571428571,0.6546052631578947
label,1,stratified:1,15,0.4546235616045787,0.7008858318615677,0.9,0.76,0.7894736842105263,0.7357985653637826,0.6666666666666666,0.6666666666666666,0.7142857142857143,0.7083333333333333
label,1,stratified:1,16,0.5872574103505988,0.3012698035042985,1.0,1.0,0.9323308270676691,0.9161597861597862,1.0,1.0,0.6285714285714286,0.3273809523809524
