segment_idx,start_s,end_s,pred_label,confidence,raw_confidence,raw_pred_label,offset_sec
0,0.0,28.1,0,0.7598376870155334,0.7598376870155334,0,0.0
1,28.1,62.0,1,0.9114387631416321,0.9114387631416321,1,0.0
2,62.0,91.0,4,0.6236422657966614,0.6236422657966614,4,0.0
3,91.0,118.10000000000001,3,0.8809916973114014,0.8809916973114014,3,0.0
4,118.10000000000001,149.5,4,0.8475162386894226,0.8475162386894226,4,0.0
5,149.5,182.0,5,0.9361882209777832,0.9361882209777832,5,0.0
6,182.0,209.3,6,0.8608626127243042,0.8608626127243042,6,0.0
7,209.3,241.3,7,0.5944468975067139,0.5944468975067139,7,0.0
8,241.3,269.90000000000003,8,0.8274242877960205,0.8274242877960205,8,0.0
9,269.90000000000003,300.0,9,0.9219906330108643,0.9219906330108643,9,0.0
