zip_file,segments,offset_sec,raw_sequence,final_sequence,decoded_phrase,decode_score,mean_confidence,output_csv
AB，0-9，一整组-0206135836(2).zip,10,0.0,0143456789,0143456789,,-0.2028092879142049,0.8164339303970337,d:\huxi\morse_train\digit_task_20260301_new69_cuda\predictions_stage2_compare\group_by_file__dual\AB，0-9，一整组-0206135836(2)_segments.csv
AB，0123456789-0227164424.zip,10,0.0,0123453789,0123453789,,-0.1097300351660302,0.8960760116577149,d:\huxi\morse_train\digit_task_20260301_new69_cuda\predictions_stage2_compare\group_by_file__dual\AB，0123456789-0227164424_segments.csv
AB，1234567890--0227165127.zip,10,0.0,1234567897,1234567897,,-0.16532361810957474,0.847619354724884,d:\huxi\morse_train\digit_task_20260301_new69_cuda\predictions_stage2_compare\group_by_file__dual\AB，1234567890--0227165127_segments.csv
AB，2345678901-0227165826.zip,10,1.0,4345678991,4345678991,,-0.12210863452486861,0.885052216053009,d:\huxi\morse_train\digit_task_20260301_new69_cuda\predictions_stage2_compare\group_by_file__dual\AB，2345678901-0227165826_segments.csv
AB，3456789012-0227171306.zip,10,0.0,3856789592,3856789592,,-0.20164793564366537,0.8173826485872269,d:\huxi\morse_train\digit_task_20260301_new69_cuda\predictions_stage2_compare\group_by_file__dual\AB，3456789012-0227171306_segments.csv
AB，4567890123-0227172013.zip,10,2.0,8567897123,8567897123,,-0.24658062937104877,0.7814683496952057,d:\huxi\morse_train\digit_task_20260301_new69_cuda\predictions_stage2_compare\group_by_file__dual\AB，4567890123-0227172013_segments.csv
AB，5678901234-0227172731.zip,10,0.0,5678971234,5678971234,,-0.1510665922254698,0.8597904413938522,d:\huxi\morse_train\digit_task_20260301_new69_cuda\predictions_stage2_compare\group_by_file__dual\AB，5678901234-0227172731_segments.csv
AB，6789012345-0227175229.zip,10,0.0,6789794345,6789794345,,-0.35045405113916,0.7043681979179383,d:\huxi\morse_train\digit_task_20260301_new69_cuda\predictions_stage2_compare\group_by_file__dual\AB，6789012345-0227175229_segments.csv
AB，7890123456-0227175941.zip,10,1.0,7997123456,7997123456,,-0.11938599336957656,0.8874651789665222,d:\huxi\morse_train\digit_task_20260301_new69_cuda\predictions_stage2_compare\group_by_file__dual\AB，7890123456-0227175941_segments.csv
AB，8901234567-0227184259.zip,10,3.0,0901434567,0901434567,,-0.16605373649483374,0.8470007181167603,d:\huxi\morse_train\digit_task_20260301_new69_cuda\predictions_stage2_compare\group_by_file__dual\AB，8901234567-0227184259_segments.csv
AB，9012345678-0227185257.zip,10,0.0,9912345678,9912345678,,-0.13538207422048804,0.8733821511268616,d:\huxi\morse_train\digit_task_20260301_new69_cuda\predictions_stage2_compare\group_by_file__dual\AB，9012345678-0227185257_segments.csv
