epoch,train_loss_aug,train_loss_eval,val_loss,train_file_accuracy,val_file_accuracy
1,1.6135287902071234,1.6083983141274132,1.623152256011963,0.15000000000000002,0.0
2,1.5369914398547206,1.583504052655531,1.5872498154640198,0.4,0.16666666666666666
3,1.4247248655728453,1.474189533917904,1.4146469831466675,0.35,0.16666666666666666
4,1.2365780233089811,1.2814789596330862,1.2022500336170197,0.44999999999999996,0.5
5,1.004206242037973,1.0297240653601272,1.068840891122818,0.75,0.8333333333333333
6,0.8532045845588179,0.9836636794909837,1.2738343477249146,0.55,0.0
7,0.7105732199782521,0.782491806442732,1.084098994731903,0.65,0.3333333333333333
8,0.6577747269703358,0.6863520353093988,0.9092905819416046,0.65,0.5
9,0.550535110592959,0.548787148924088,0.9523125737905502,0.8500000000000001,0.6666666666666666
10,0.5428231289624271,0.7591525905302723,0.9393773674964905,0.65,0.5
11,0.49013285391001027,0.7054125056607643,1.355930358171463,0.65,0.6666666666666666
12,0.4930351307459149,0.4935531997532578,0.8925877809524536,0.8500000000000001,0.6666666666666666
13,0.4453868462042545,0.5089168685271328,0.6313584595918655,0.8,0.8333333333333333
14,0.4083534585448201,0.4533172171756542,0.6389661133289337,0.8500000000000001,0.8333333333333333
15,0.3888312758104765,0.3601992377024714,0.88114432990551,0.95,0.5
16,0.4089141740016432,0.3915586044608579,1.3475921154022217,0.9,0.6666666666666666
17,0.35815511308703807,0.4431350230521154,1.3873229771852493,0.95,0.6666666666666666
18,0.4051051739239155,0.3989678580958144,1.0515190362930298,1.0,0.3333333333333333
19,0.3240231378634173,0.4146000984916113,0.916869342327118,0.8,0.6666666666666666
20,0.3741294687851927,0.1870610876415009,1.3429646492004397,1.0,0.6666666666666666
21,0.2889663339557504,0.1941251323411339,1.1235265731811523,1.0,0.6666666666666666
22,0.293481036012334,0.3768855001693381,1.7238528728485107,1.0,0.6666666666666666
23,0.2785513672165404,0.219027842121913,1.132251501083374,1.0,0.6666666666666666
24,0.2074852619404183,0.4217149046130646,1.4083620309829712,0.8,0.6666666666666666
25,0.2075183920394209,0.101766114788396,1.146397352218628,1.0,0.6666666666666666
26,0.1730029921334488,0.0958719591897233,1.733520746231079,1.0,0.6666666666666666
27,0.162976959146055,0.0674381094767635,0.9178968667984008,1.0,1.0
28,0.1330068815023379,0.1573154558812765,0.9431661367416382,1.0,1.0
29,0.1521891689390168,0.1004615368923746,1.181936264038086,1.0,1.0
30,0.1321776179890883,0.0742588653824383,1.051371932029724,1.0,1.0
31,0.1178516626806187,0.073611747501488,1.2546062469482422,1.0,1.0
32,0.134784320915552,0.0724377687600322,1.569530725479126,1.0,1.0
33,0.2511617617499559,0.1603836046909927,1.803673267364502,1.0,0.6666666666666666
34,0.2490868178525365,0.1290777985538755,1.7966773509979248,1.0,0.6666666666666666
35,0.1902813220158555,0.1533105729665971,1.4549185037612915,1.0,0.6666666666666666
36,0.1835733087439286,0.1552455355798391,1.3688514232635498,1.0,0.6666666666666666
37,0.1258515804950007,0.097619167339981,1.7943675518035889,1.0,0.6666666666666666
38,0.2488817272329689,0.120337389409542,2.0020434856414795,1.0,0.6666666666666666
39,0.1653796147583122,0.0856778138506233,1.849381804466248,1.0,0.6666666666666666
