id,label,label_id,source_file,segment_idx,start_s,end_s,valid_ratio,source_format
0,A,0,AB，A，10.3-0204200730.zip,0,0.0,30.0,1.0,csv
1,A,0,AB，A，10.3-0204200730.zip,1,30.0,60.0,1.0,csv
2,A,0,AB，A，10.3-0204200730.zip,2,60.0,90.0,1.0,csv
3,A,0,AB，A，10.3-0204200730.zip,3,90.0,120.0,1.0,csv
4,A,0,AB，A，10.3-0204200730.zip,4,120.0,150.0,1.0,csv
5,A,0,AB，A，10.3-0204200730.zip,5,150.0,180.0,1.0,csv
6,A,0,AB，A，10.3-0204200730.zip,6,180.0,210.0,1.0,csv
7,A,0,AB，A，10.3-0204200730.zip,7,210.0,240.0,1.0,csv
8,A,0,AB，A，10.3-0204200730.zip,8,240.0,270.0,1.0,csv
9,A,0,AB，A，10.3-0204200730.zip,9,270.0,300.0,1.0,csv
10,A,0,AB，A，20.1-0204195040.zip,0,0.0,30.0,1.0,csv
11,A,0,AB，A，20.1-0204195040.zip,1,30.0,60.0,1.0,csv
12,A,0,AB，A，20.1-0204195040.zip,2,60.0,90.0,1.0,csv
13,A,0,AB，A，20.1-0204195040.zip,3,90.0,120.0,1.0,csv
14,A,0,AB，A，20.1-0204195040.zip,4,120.0,150.0,1.0,csv
15,A,0,AB，A，20.1-0204195040.zip,5,150.0,180.0,1.0,csv
16,A,0,AB，A，20.1-0204195040.zip,6,180.0,210.0,1.0,csv
17,A,0,AB，A，20.1-0204195040.zip,7,210.0,240.0,1.0,csv
18,A,0,AB，A，20.1-0204195040.zip,8,240.0,270.0,1.0,csv
19,A,0,AB，A，20.1-0204195040.zip,9,270.0,300.0,1.0,csv
20,A,0,AB，A，20.1-0204195040.zip,10,300.0,330.0,1.0,csv
21,A,0,AB，A，20.1-0204195040.zip,11,330.0,360.0,1.0,csv
22,A,0,AB，A，20.1-0204195040.zip,12,360.0,390.0,1.0,csv
23,A,0,AB，A，20.1-0204195040.zip,13,390.0,420.0,1.0,csv
24,A,0,AB，A，20.1-0204195040.zip,14,420.0,450.0,1.0,csv
25,A,0,AB，A，20.1-0204195040.zip,15,450.0,480.0,1.0,csv
26,A,0,AB，A，20.1-0204195040.zip,16,480.0,510.0,1.0,csv
27,A,0,AB，A，20.1-0204195040.zip,17,510.0,540.0,1.0,csv
28,A,0,AB，A，20.1-0204195040.zip,18,540.0,570.0,1.0,csv
29,A,0,AB，A，20.1-0204195040.zip,19,570.0,600.0,1.0,csv
30,A,0,AB，A，20.2-0204200204.zip,0,0.0,30.0,1.0,csv
31,A,0,AB，A，20.2-0204200204.zip,1,30.0,60.0,1.0,csv
32,A,0,AB，A，20.2-0204200204.zip,2,60.0,90.0,1.0,csv
33,A,0,AB，A，20.2-0204200204.zip,3,90.0,120.0,1.0,csv
34,A,0,AB，A，20.2-0204200204.zip,4,120.0,150.0,1.0,csv
35,A,0,AB，A，20.2-0204200204.zip,5,150.0,180.0,1.0,csv
36,A,0,AB，A，20.2-0204200204.zip,6,180.0,210.0,1.0,csv
37,A,0,AB，A，20.2-0204200204.zip,7,210.0,240.0,1.0,csv
38,A,0,AB，A，20.2-0204200204.zip,8,240.0,270.0,1.0,csv
39,A,0,AB，A，20.2-0204200204.zip,9,270.0,300.0,1.0,csv
40,A,0,AB，A，20.2-0204200204.zip,10,300.0,330.0,1.0,csv
41,A,0,AB，A，20.2-0204200204.zip,11,330.0,360.0,1.0,csv
42,A,0,AB，A，20.2-0204200204.zip,12,360.0,390.0,1.0,csv
43,A,0,AB，A，20.2-0204200204.zip,13,390.0,420.0,1.0,csv
44,A,0,AB，A，20.2-0204200204.zip,14,420.0,450.0,1.0,csv
45,A,0,AB，A，20.2-0204200204.zip,15,450.0,480.0,1.0,csv
46,A,0,AB，A，20.2-0204200204.zip,16,480.0,510.0,1.0,csv
47,A,0,AB，A，20.2-0204200204.zip,17,510.0,540.0,1.0,csv
48,A,0,AB，A，20.2-0204200204.zip,18,540.0,570.0,1.0,csv
49,A,0,AB，A，20.2-0204200204.zip,19,570.0,600.0,1.0,csv
50,A,0,AB，A，20组-0206174819(1).zip,0,0.0,30.0,1.0,csv
51,A,0,AB，A，20组-0206174819(1).zip,1,30.0,60.0,1.0,csv
52,A,0,AB，A，20组-0206174819(1).zip,2,60.0,90.0,1.0,csv
53,A,0,AB，A，20组-0206174819(1).zip,3,90.0,120.0,1.0,csv
54,A,0,AB，A，20组-0206174819(1).zip,4,120.0,150.0,1.0,csv
55,A,0,AB，A，20组-0206174819(1).zip,5,150.0,180.0,1.0,csv
56,A,0,AB，A，20组-0206174819(1).zip,6,180.0,210.0,1.0,csv
57,A,0,AB，A，20组-0206174819(1).zip,7,210.0,240.0,1.0,csv
58,A,0,AB，A，20组-0206174819(1).zip,8,240.0,270.0,1.0,csv
59,A,0,AB，A，20组-0206174819(1).zip,9,270.0,300.0,1.0,csv
60,A,0,AB，A，20组-0206174819(1).zip,10,300.0,330.0,1.0,csv
61,A,0,AB，A，20组-0206174819(1).zip,11,330.0,360.0,1.0,csv
62,A,0,AB，A，20组-0206174819(1).zip,12,360.0,390.0,1.0,csv
63,A,0,AB，A，20组-0206174819(1).zip,13,390.0,420.0,1.0,csv
64,A,0,AB，A，20组-0206174819(1).zip,14,420.0,450.0,1.0,csv
65,A,0,AB，A，20组-0206174819(1).zip,15,450.0,480.0,1.0,csv
66,A,0,AB，A，20组-0206174819(1).zip,16,480.0,510.0,1.0,csv
67,A,0,AB，A，20组-0206174819(1).zip,17,510.0,540.0,1.0,csv
68,A,0,AB，A，20组-0206174819(1).zip,18,540.0,570.0,1.0,csv
69,A,0,AB，A，20组-0206174819(1).zip,19,570.0,600.0,1.0,csv
70,B,1,AB，B，10.3-0204204048.zip,0,0.0,30.0,1.0,csv
71,B,1,AB，B，10.3-0204204048.zip,1,30.0,60.0,1.0,csv
72,B,1,AB，B，10.3-0204204048.zip,2,60.0,90.0,1.0,csv
73,B,1,AB，B，10.3-0204204048.zip,3,90.0,120.0,1.0,csv
74,B,1,AB，B，10.3-0204204048.zip,4,120.0,150.0,1.0,csv
75,B,1,AB，B，10.3-0204204048.zip,5,150.0,180.0,1.0,csv
76,B,1,AB，B，10.3-0204204048.zip,6,180.0,210.0,1.0,csv
77,B,1,AB，B，10.3-0204204048.zip,7,210.0,240.0,1.0,csv
78,B,1,AB，B，10.3-0204204048.zip,8,240.0,270.0,1.0,csv
79,B,1,AB，B，10.3-0204204048.zip,9,270.0,300.0,1.0,csv
80,B,1,AB，B，20.1-0204202426.zip,0,0.0,30.0,1.0,csv
81,B,1,AB，B，20.1-0204202426.zip,1,30.0,60.0,1.0,csv
82,B,1,AB，B，20.1-0204202426.zip,2,60.0,90.0,1.0,csv
83,B,1,AB，B，20.1-0204202426.zip,3,90.0,120.0,1.0,csv
84,B,1,AB，B，20.1-0204202426.zip,4,120.0,150.0,1.0,csv
85,B,1,AB，B，20.1-0204202426.zip,5,150.0,180.0,1.0,csv
86,B,1,AB，B，20.1-0204202426.zip,6,180.0,210.0,1.0,csv
87,B,1,AB，B，20.1-0204202426.zip,7,210.0,240.0,1.0,csv
88,B,1,AB，B，20.1-0204202426.zip,8,240.0,270.0,1.0,csv
89,B,1,AB，B，20.1-0204202426.zip,9,270.0,300.0,1.0,csv
90,B,1,AB，B，20.1-0204202426.zip,10,300.0,330.0,1.0,csv
91,B,1,AB，B，20.1-0204202426.zip,11,330.0,360.0,1.0,csv
92,B,1,AB，B，20.1-0204202426.zip,12,360.0,390.0,1.0,csv
93,B,1,AB，B，20.1-0204202426.zip,13,390.0,420.0,1.0,csv
94,B,1,AB，B，20.1-0204202426.zip,14,420.0,450.0,1.0,csv
95,B,1,AB，B，20.1-0204202426.zip,15,450.0,480.0,1.0,csv
96,B,1,AB，B，20.1-0204202426.zip,16,480.0,510.0,1.0,csv
97,B,1,AB，B，20.1-0204202426.zip,17,510.0,540.0,1.0,csv
98,B,1,AB，B，20.1-0204202426.zip,18,540.0,570.0,1.0,csv
99,B,1,AB，B，20.1-0204202426.zip,19,570.0,600.0,1.0,csv
100,B,1,AB，B，20.2-0204203505.zip,0,0.0,30.0,1.0,csv
101,B,1,AB，B，20.2-0204203505.zip,1,30.0,60.0,1.0,csv
102,B,1,AB，B，20.2-0204203505.zip,2,60.0,90.0,1.0,csv
103,B,1,AB，B，20.2-0204203505.zip,3,90.0,120.0,1.0,csv
104,B,1,AB，B，20.2-0204203505.zip,4,120.0,150.0,1.0,csv
105,B,1,AB，B，20.2-0204203505.zip,5,150.0,180.0,1.0,csv
106,B,1,AB，B，20.2-0204203505.zip,6,180.0,210.0,1.0,csv
107,B,1,AB，B，20.2-0204203505.zip,7,210.0,240.0,1.0,csv
108,B,1,AB，B，20.2-0204203505.zip,8,240.0,270.0,1.0,csv
109,B,1,AB，B，20.2-0204203505.zip,9,270.0,300.0,1.0,csv
110,B,1,AB，B，20.2-0204203505.zip,10,300.0,330.0,1.0,csv
111,B,1,AB，B，20.2-0204203505.zip,11,330.0,360.0,1.0,csv
112,B,1,AB，B，20.2-0204203505.zip,12,360.0,390.0,1.0,csv
113,B,1,AB，B，20.2-0204203505.zip,13,390.0,420.0,1.0,csv
114,B,1,AB，B，20.2-0204203505.zip,14,420.0,450.0,1.0,csv
115,B,1,AB，B，20.2-0204203505.zip,15,450.0,480.0,1.0,csv
116,B,1,AB，B，20.2-0204203505.zip,16,480.0,510.0,1.0,csv
117,B,1,AB，B，20.2-0204203505.zip,17,510.0,540.0,1.0,csv
118,B,1,AB，B，20.2-0204203505.zip,18,540.0,570.0,1.0,csv
119,B,1,AB，B，20.2-0204203505.zip,19,570.0,600.0,1.0,csv
120,C,2,AB，C，10.3-0204211057.zip,0,0.0,30.0,1.0,csv
121,C,2,AB，C，10.3-0204211057.zip,1,30.0,60.0,1.0,csv
122,C,2,AB，C，10.3-0204211057.zip,2,60.0,90.0,1.0,csv
123,C,2,AB，C，10.3-0204211057.zip,3,90.0,120.0,1.0,csv
124,C,2,AB，C，10.3-0204211057.zip,4,120.0,150.0,1.0,csv
125,C,2,AB，C，10.3-0204211057.zip,5,150.0,180.0,1.0,csv
126,C,2,AB，C，10.3-0204211057.zip,6,180.0,210.0,1.0,csv
127,C,2,AB，C，10.3-0204211057.zip,7,210.0,240.0,1.0,csv
128,C,2,AB，C，10.3-0204211057.zip,8,240.0,270.0,1.0,csv
129,C,2,AB，C，10.3-0204211057.zip,9,270.0,300.0,1.0,csv
130,C,2,AB，C，20.1-0204205337.zip,0,0.0,30.0,1.0,csv
131,C,2,AB，C，20.1-0204205337.zip,1,30.0,60.0,1.0,csv
132,C,2,AB，C，20.1-0204205337.zip,2,60.0,90.0,1.0,csv
133,C,2,AB，C，20.1-0204205337.zip,3,90.0,120.0,1.0,csv
134,C,2,AB，C，20.1-0204205337.zip,4,120.0,150.0,1.0,csv
135,C,2,AB，C，20.1-0204205337.zip,5,150.0,180.0,1.0,csv
136,C,2,AB，C，20.1-0204205337.zip,6,180.0,210.0,1.0,csv
137,C,2,AB，C，20.1-0204205337.zip,7,210.0,240.0,1.0,csv
138,C,2,AB，C，20.1-0204205337.zip,8,240.0,270.0,1.0,csv
139,C,2,AB，C，20.1-0204205337.zip,9,270.0,300.0,1.0,csv
140,C,2,AB，C，20.1-0204205337.zip,10,300.0,330.0,1.0,csv
141,C,2,AB，C，20.1-0204205337.zip,11,330.0,360.0,1.0,csv
142,C,2,AB，C，20.1-0204205337.zip,12,360.0,390.0,1.0,csv
143,C,2,AB，C，20.1-0204205337.zip,13,390.0,420.0,1.0,csv
144,C,2,AB，C，20.1-0204205337.zip,14,420.0,450.0,1.0,csv
145,C,2,AB，C，20.1-0204205337.zip,15,450.0,480.0,1.0,csv
146,C,2,AB，C，20.1-0204205337.zip,16,480.0,510.0,1.0,csv
147,C,2,AB，C，20.1-0204205337.zip,17,510.0,540.0,1.0,csv
148,C,2,AB，C，20.1-0204205337.zip,18,540.0,570.0,1.0,csv
149,C,2,AB，C，20.1-0204205337.zip,19,570.0,600.0,1.0,csv
150,C,2,AB，C，20.2-0204210520.zip,0,0.0,30.0,1.0,csv
151,C,2,AB，C，20.2-0204210520.zip,1,30.0,60.0,0.9967320261437909,csv
152,C,2,AB，C，20.2-0204210520.zip,2,60.0,90.0,1.0,csv
153,C,2,AB，C，20.2-0204210520.zip,3,90.0,120.0,0.9967320261437909,csv
154,C,2,AB，C，20.2-0204210520.zip,4,120.0,150.0,1.0,csv
155,C,2,AB，C，20.2-0204210520.zip,5,150.0,180.0,1.0,csv
156,C,2,AB，C，20.2-0204210520.zip,6,180.0,210.0,1.0,csv
157,C,2,AB，C，20.2-0204210520.zip,7,210.0,240.0,1.0,csv
158,C,2,AB，C，20.2-0204210520.zip,8,240.0,270.0,1.0,csv
159,C,2,AB，C，20.2-0204210520.zip,9,270.0,300.0,1.0,csv
160,C,2,AB，C，20.2-0204210520.zip,10,300.0,330.0,1.0,csv
161,C,2,AB，C，20.2-0204210520.zip,11,330.0,360.0,1.0,csv
162,C,2,AB，C，20.2-0204210520.zip,12,360.0,390.0,1.0,csv
163,C,2,AB，C，20.2-0204210520.zip,13,390.0,420.0,1.0,csv
164,C,2,AB，C，20.2-0204210520.zip,14,420.0,450.0,1.0,csv
165,C,2,AB，C，20.2-0204210520.zip,15,450.0,480.0,1.0,csv
166,C,2,AB，C，20.2-0204210520.zip,16,480.0,510.0,1.0,csv
167,C,2,AB，C，20.2-0204210520.zip,17,510.0,540.0,1.0,csv
168,C,2,AB，C，20.2-0204210520.zip,18,540.0,570.0,1.0,csv
169,C,2,AB，C，20.2-0204210520.zip,19,570.0,600.0,1.0,csv
170,D,3,AB，D，10.3-0203193340.zip,0,0.0,30.0,1.0,csv
171,D,3,AB，D，10.3-0203193340.zip,1,30.0,60.0,1.0,csv
172,D,3,AB，D，10.3-0203193340.zip,2,60.0,90.0,1.0,csv
173,D,3,AB，D，10.3-0203193340.zip,3,90.0,120.0,1.0,csv
174,D,3,AB，D，10.3-0203193340.zip,4,120.0,150.0,1.0,csv
175,D,3,AB，D，10.3-0203193340.zip,5,150.0,180.0,1.0,csv
176,D,3,AB，D，10.3-0203193340.zip,6,180.0,210.0,1.0,csv
177,D,3,AB，D，10.3-0203193340.zip,7,210.0,240.0,1.0,csv
178,D,3,AB，D，10.3-0203193340.zip,8,240.0,270.0,1.0,csv
179,D,3,AB，D，10.3-0203193340.zip,9,270.0,300.0,1.0,csv
180,D,3,AB，D，20.1-0203191440.zip,0,0.0,30.0,1.0,csv
181,D,3,AB，D，20.1-0203191440.zip,1,30.0,60.0,1.0,csv
182,D,3,AB，D，20.1-0203191440.zip,2,60.0,90.0,1.0,csv
183,D,3,AB，D，20.1-0203191440.zip,3,90.0,120.0,1.0,csv
184,D,3,AB，D，20.1-0203191440.zip,4,120.0,150.0,1.0,csv
185,D,3,AB，D，20.1-0203191440.zip,5,150.0,180.0,1.0,csv
186,D,3,AB，D，20.1-0203191440.zip,6,180.0,210.0,1.0,csv
187,D,3,AB，D，20.1-0203191440.zip,7,210.0,240.0,1.0,csv
188,D,3,AB，D，20.1-0203191440.zip,8,240.0,270.0,1.0,csv
189,D,3,AB，D，20.1-0203191440.zip,9,270.0,300.0,1.0,csv
190,D,3,AB，D，20.1-0203191440.zip,10,300.0,330.0,1.0,csv
191,D,3,AB，D，20.1-0203191440.zip,11,330.0,360.0,1.0,csv
192,D,3,AB，D，20.1-0203191440.zip,12,360.0,390.0,1.0,csv
193,D,3,AB，D，20.1-0203191440.zip,13,390.0,420.0,1.0,csv
194,D,3,AB，D，20.1-0203191440.zip,14,420.0,450.0,1.0,csv
195,D,3,AB，D，20.1-0203191440.zip,15,450.0,480.0,1.0,csv
196,D,3,AB，D，20.1-0203191440.zip,16,480.0,510.0,1.0,csv
197,D,3,AB，D，20.1-0203191440.zip,17,510.0,540.0,1.0,csv
198,D,3,AB，D，20.1-0203191440.zip,18,540.0,570.0,1.0,csv
199,D,3,AB，D，20.1-0203191440.zip,19,570.0,600.0,1.0,csv
200,D,3,AB，D，20.2-0203192756.zip,0,0.0,30.0,1.0,csv
201,D,3,AB，D，20.2-0203192756.zip,1,30.0,60.0,1.0,csv
202,D,3,AB，D，20.2-0203192756.zip,2,60.0,90.0,1.0,csv
203,D,3,AB，D，20.2-0203192756.zip,3,90.0,120.0,1.0,csv
204,D,3,AB，D，20.2-0203192756.zip,4,120.0,150.0,1.0,csv
205,D,3,AB，D，20.2-0203192756.zip,5,150.0,180.0,1.0,csv
206,D,3,AB，D，20.2-0203192756.zip,6,180.0,210.0,1.0,csv
207,D,3,AB，D，20.2-0203192756.zip,7,210.0,240.0,1.0,csv
208,D,3,AB，D，20.2-0203192756.zip,8,240.0,270.0,1.0,csv
209,D,3,AB，D，20.2-0203192756.zip,9,270.0,300.0,1.0,csv
210,D,3,AB，D，20.2-0203192756.zip,10,300.0,330.0,1.0,csv
211,D,3,AB，D，20.2-0203192756.zip,11,330.0,360.0,1.0,csv
212,D,3,AB，D，20.2-0203192756.zip,12,360.0,390.0,1.0,csv
213,D,3,AB，D，20.2-0203192756.zip,13,390.0,420.0,1.0,csv
214,D,3,AB，D，20.2-0203192756.zip,14,420.0,450.0,1.0,csv
215,D,3,AB，D，20.2-0203192756.zip,15,450.0,480.0,1.0,csv
216,D,3,AB，D，20.2-0203192756.zip,16,480.0,510.0,1.0,csv
217,D,3,AB，D，20.2-0203192756.zip,17,510.0,540.0,1.0,csv
218,D,3,AB，D，20.2-0203192756.zip,18,540.0,570.0,1.0,csv
219,D,3,AB，D，20.2-0203192756.zip,19,570.0,600.0,1.0,csv
220,E,4,AB，E，10.3-0203200703.zip,0,0.0,30.0,1.0,csv
221,E,4,AB，E，10.3-0203200703.zip,1,30.0,60.0,1.0,csv
222,E,4,AB，E，10.3-0203200703.zip,2,60.0,90.0,1.0,csv
223,E,4,AB，E，10.3-0203200703.zip,3,90.0,120.0,1.0,csv
224,E,4,AB，E，10.3-0203200703.zip,4,120.0,150.0,1.0,csv
225,E,4,AB，E，10.3-0203200703.zip,5,150.0,180.0,1.0,csv
226,E,4,AB，E，10.3-0203200703.zip,6,180.0,210.0,1.0,csv
227,E,4,AB，E，10.3-0203200703.zip,7,210.0,240.0,1.0,csv
228,E,4,AB，E，10.3-0203200703.zip,8,240.0,270.0,1.0,csv
229,E,4,AB，E，10.3-0203200703.zip,9,270.0,300.0,1.0,csv
230,E,4,AB，E，20.1-0203194946.zip,0,0.0,30.0,1.0,csv
231,E,4,AB，E，20.1-0203194946.zip,1,30.0,60.0,1.0,csv
232,E,4,AB，E，20.1-0203194946.zip,2,60.0,90.0,1.0,csv
233,E,4,AB，E，20.1-0203194946.zip,3,90.0,120.0,1.0,csv
234,E,4,AB，E，20.1-0203194946.zip,4,120.0,150.0,1.0,csv
235,E,4,AB，E，20.1-0203194946.zip,5,150.0,180.0,1.0,csv
236,E,4,AB，E，20.1-0203194946.zip,6,180.0,210.0,1.0,csv
237,E,4,AB，E，20.1-0203194946.zip,7,210.0,240.0,0.9967320261437909,csv
238,E,4,AB，E，20.1-0203194946.zip,8,240.0,270.0,1.0,csv
239,E,4,AB，E，20.1-0203194946.zip,9,270.0,300.0,1.0,csv
240,E,4,AB，E，20.1-0203194946.zip,10,300.0,330.0,1.0,csv
241,E,4,AB，E，20.1-0203194946.zip,11,330.0,360.0,1.0,csv
242,E,4,AB，E，20.1-0203194946.zip,12,360.0,390.0,1.0,csv
243,E,4,AB，E，20.1-0203194946.zip,13,390.0,420.0,1.0,csv
244,E,4,AB，E，20.1-0203194946.zip,14,420.0,450.0,1.0,csv
245,E,4,AB，E，20.1-0203194946.zip,15,450.0,480.0,1.0,csv
246,E,4,AB，E，20.1-0203194946.zip,16,480.0,510.0,1.0,csv
247,E,4,AB，E，20.1-0203194946.zip,17,510.0,540.0,1.0,csv
248,E,4,AB，E，20.1-0203194946.zip,18,540.0,570.0,0.9967320261437909,csv
249,E,4,AB，E，20.1-0203194946.zip,19,570.0,600.0,1.0,csv
250,E,4,AB，E，20.2-0203200021.zip,0,0.0,30.0,1.0,csv
251,E,4,AB，E，20.2-0203200021.zip,1,30.0,60.0,1.0,csv
252,E,4,AB，E，20.2-0203200021.zip,2,60.0,90.0,1.0,csv
253,E,4,AB，E，20.2-0203200021.zip,3,90.0,120.0,1.0,csv
254,E,4,AB，E，20.2-0203200021.zip,4,120.0,150.0,1.0,csv
255,E,4,AB，E，20.2-0203200021.zip,5,150.0,180.0,1.0,csv
256,E,4,AB，E，20.2-0203200021.zip,6,180.0,210.0,1.0,csv
257,E,4,AB，E，20.2-0203200021.zip,7,210.0,240.0,0.9967320261437909,csv
258,E,4,AB，E，20.2-0203200021.zip,8,240.0,270.0,1.0,csv
259,E,4,AB，E，20.2-0203200021.zip,9,270.0,300.0,1.0,csv
260,E,4,AB，E，20.2-0203200021.zip,10,300.0,330.0,1.0,csv
261,E,4,AB，E，20.2-0203200021.zip,11,330.0,360.0,1.0,csv
262,E,4,AB，E，20.2-0203200021.zip,12,360.0,390.0,1.0,csv
263,E,4,AB，E，20.2-0203200021.zip,13,390.0,420.0,1.0,csv
264,E,4,AB，E，20.2-0203200021.zip,14,420.0,450.0,1.0,csv
265,E,4,AB，E，20.2-0203200021.zip,15,450.0,480.0,1.0,csv
266,E,4,AB，E，20.2-0203200021.zip,16,480.0,510.0,1.0,csv
267,E,4,AB，E，20.2-0203200021.zip,17,510.0,540.0,1.0,csv
268,E,4,AB，E，20.2-0203200021.zip,18,540.0,570.0,0.9967320261437909,csv
269,E,4,AB，E，20.2-0203200021.zip,19,570.0,600.0,1.0,csv
270,E,4,AB，E，20组-0206171339(1).zip,0,0.0,30.0,1.0,csv
271,E,4,AB，E，20组-0206171339(1).zip,1,30.0,60.0,1.0,csv
272,E,4,AB，E，20组-0206171339(1).zip,2,60.0,90.0,1.0,csv
273,E,4,AB，E，20组-0206171339(1).zip,3,90.0,120.0,1.0,csv
274,E,4,AB，E，20组-0206171339(1).zip,4,120.0,150.0,1.0,csv
275,E,4,AB，E，20组-0206171339(1).zip,5,150.0,180.0,1.0,csv
276,E,4,AB，E，20组-0206171339(1).zip,6,180.0,210.0,1.0,csv
277,E,4,AB，E，20组-0206171339(1).zip,7,210.0,240.0,1.0,csv
278,E,4,AB，E，20组-0206171339(1).zip,8,240.0,270.0,1.0,csv
279,E,4,AB，E，20组-0206171339(1).zip,9,270.0,300.0,1.0,csv
280,E,4,AB，E，20组-0206171339(1).zip,10,300.0,330.0,1.0,csv
281,E,4,AB，E，20组-0206171339(1).zip,11,330.0,360.0,1.0,csv
282,E,4,AB，E，20组-0206171339(1).zip,12,360.0,390.0,1.0,csv
283,E,4,AB，E，20组-0206171339(1).zip,13,390.0,420.0,1.0,csv
284,E,4,AB，E，20组-0206171339(1).zip,14,420.0,450.0,1.0,csv
285,E,4,AB，E，20组-0206171339(1).zip,15,450.0,480.0,1.0,csv
286,E,4,AB，E，20组-0206171339(1).zip,16,480.0,510.0,1.0,csv
287,E,4,AB，E，20组-0206171339(1).zip,17,510.0,540.0,1.0,csv
288,E,4,AB，E，20组-0206171339(1).zip,18,540.0,570.0,1.0,csv
289,E,4,AB，E，20组-0206171339(1).zip,19,570.0,600.0,1.0,csv
290,F,5,AB，F，10.1-0121191722.zip,0,0.0,30.0,1.0,csv
291,F,5,AB，F，10.1-0121191722.zip,1,30.0,60.0,1.0,csv
292,F,5,AB，F，10.1-0121191722.zip,2,60.0,90.0,1.0,csv
293,F,5,AB，F，10.1-0121191722.zip,3,90.0,120.0,1.0,csv
294,F,5,AB，F，10.1-0121191722.zip,4,120.0,150.0,1.0,csv
295,F,5,AB，F，10.1-0121191722.zip,5,150.0,180.0,1.0,csv
296,F,5,AB，F，10.1-0121191722.zip,6,180.0,210.0,1.0,csv
297,F,5,AB，F，10.1-0121191722.zip,7,210.0,240.0,1.0,csv
298,F,5,AB，F，10.1-0121191722.zip,8,240.0,270.0,1.0,csv
299,F,5,AB，F，10.1-0121191722.zip,9,270.0,300.0,1.0,csv
300,F,5,AB，F，12.2-0121192508.zip,0,0.0,30.0,1.0,csv
301,F,5,AB，F，12.2-0121192508.zip,1,30.0,60.0,1.0,csv
302,F,5,AB，F，12.2-0121192508.zip,2,60.0,90.0,1.0,csv
303,F,5,AB，F，12.2-0121192508.zip,3,90.0,120.0,1.0,csv
304,F,5,AB，F，12.2-0121192508.zip,4,120.0,150.0,1.0,csv
305,F,5,AB，F，12.2-0121192508.zip,5,150.0,180.0,1.0,csv
306,F,5,AB，F，12.2-0121192508.zip,6,180.0,210.0,1.0,csv
307,F,5,AB，F，12.2-0121192508.zip,7,210.0,240.0,1.0,csv
308,F,5,AB，F，12.2-0121192508.zip,8,240.0,270.0,1.0,csv
309,F,5,AB，F，12.2-0121192508.zip,9,270.0,300.0,1.0,csv
310,F,5,AB，F，12.2-0121192508.zip,10,300.0,330.0,1.0,csv
311,F,5,AB，F，13.3-0121193354.zip,0,0.0,30.0,1.0,csv
312,F,5,AB，F，13.3-0121193354.zip,1,30.0,60.0,1.0,csv
313,F,5,AB，F，13.3-0121193354.zip,2,60.0,90.0,1.0,csv
314,F,5,AB，F，13.3-0121193354.zip,3,90.0,120.0,1.0,csv
315,F,5,AB，F，13.3-0121193354.zip,4,120.0,150.0,1.0,csv
316,F,5,AB，F，13.3-0121193354.zip,5,150.0,180.0,1.0,csv
317,F,5,AB，F，13.3-0121193354.zip,6,180.0,210.0,1.0,csv
318,F,5,AB，F，13.3-0121193354.zip,7,210.0,240.0,1.0,csv
319,F,5,AB，F，13.3-0121193354.zip,8,240.0,270.0,1.0,csv
320,F,5,AB，F，13.3-0121193354.zip,9,270.0,300.0,1.0,csv
321,F,5,AB，F，13.3-0121193354.zip,10,300.0,330.0,1.0,csv
322,F,5,AB，F，13.3-0121193354.zip,11,330.0,360.0,1.0,csv
323,F,5,AB，F，13.3-0121193354.zip,12,360.0,390.0,1.0,csv
324,F,5,AB，F，15.4-0121194332.zip,0,0.0,30.0,1.0,csv
325,F,5,AB，F，15.4-0121194332.zip,1,30.0,60.0,1.0,csv
326,F,5,AB，F，15.4-0121194332.zip,2,60.0,90.0,1.0,csv
327,F,5,AB，F，15.4-0121194332.zip,3,90.0,120.0,1.0,csv
328,F,5,AB，F，15.4-0121194332.zip,4,120.0,150.0,1.0,csv
329,F,5,AB，F，15.4-0121194332.zip,5,150.0,180.0,1.0,csv
330,F,5,AB，F，15.4-0121194332.zip,6,180.0,210.0,1.0,csv
331,F,5,AB，F，15.4-0121194332.zip,7,210.0,240.0,1.0,csv
332,F,5,AB，F，15.4-0121194332.zip,8,240.0,270.0,1.0,csv
333,F,5,AB，F，15.4-0121194332.zip,9,270.0,300.0,1.0,csv
334,F,5,AB，F，15.4-0121194332.zip,10,300.0,330.0,1.0,csv
335,F,5,AB，F，15.4-0121194332.zip,11,330.0,360.0,1.0,csv
336,F,5,AB，F，15.4-0121194332.zip,12,360.0,390.0,1.0,csv
337,F,5,AB，F，15.4-0121194332.zip,13,390.0,420.0,1.0,csv
338,F,5,AB，F，15.4-0121194332.zip,14,420.0,450.0,1.0,csv
339,G,6,AB，G，15.1-0121201721.zip,0,0.0,30.0,1.0,csv
340,G,6,AB，G，15.1-0121201721.zip,1,30.0,60.0,1.0,csv
341,G,6,AB，G，15.1-0121201721.zip,2,60.0,90.0,1.0,csv
342,G,6,AB，G，15.1-0121201721.zip,3,90.0,120.0,1.0,csv
343,G,6,AB，G，15.1-0121201721.zip,4,120.0,150.0,1.0,csv
344,G,6,AB，G，15.1-0121201721.zip,5,150.0,180.0,1.0,csv
345,G,6,AB，G，15.1-0121201721.zip,6,180.0,210.0,1.0,csv
346,G,6,AB，G，15.1-0121201721.zip,7,210.0,240.0,1.0,csv
347,G,6,AB，G，15.1-0121201721.zip,8,240.0,270.0,1.0,csv
348,G,6,AB，G，15.1-0121201721.zip,9,270.0,300.0,1.0,csv
349,G,6,AB，G，15.1-0121201721.zip,10,300.0,330.0,1.0,csv
350,G,6,AB，G，15.1-0121201721.zip,11,330.0,360.0,1.0,csv
351,G,6,AB，G，15.1-0121201721.zip,12,360.0,390.0,1.0,csv
352,G,6,AB，G，15.1-0121201721.zip,13,390.0,420.0,1.0,csv
353,G,6,AB，G，15.1-0121201721.zip,14,420.0,450.0,1.0,csv
354,G,6,AB，G，15.2-0121203002.zip,0,0.0,30.0,1.0,csv
355,G,6,AB，G，15.2-0121203002.zip,1,30.0,60.0,1.0,csv
356,G,6,AB，G，15.2-0121203002.zip,2,60.0,90.0,1.0,csv
357,G,6,AB，G，15.2-0121203002.zip,3,90.0,120.0,1.0,csv
358,G,6,AB，G，15.2-0121203002.zip,4,120.0,150.0,1.0,csv
359,G,6,AB，G，15.2-0121203002.zip,5,150.0,180.0,1.0,csv
360,G,6,AB，G，15.2-0121203002.zip,6,180.0,210.0,1.0,csv
361,G,6,AB，G，15.2-0121203002.zip,7,210.0,240.0,1.0,csv
362,G,6,AB，G，15.2-0121203002.zip,8,240.0,270.0,1.0,csv
363,G,6,AB，G，15.2-0121203002.zip,9,270.0,300.0,1.0,csv
364,G,6,AB，G，15.2-0121203002.zip,10,300.0,330.0,1.0,csv
365,G,6,AB，G，15.2-0121203002.zip,11,330.0,360.0,1.0,csv
366,G,6,AB，G，15.2-0121203002.zip,12,360.0,390.0,1.0,csv
367,G,6,AB，G，15.2-0121203002.zip,13,390.0,420.0,1.0,csv
368,G,6,AB，G，15.2-0121203002.zip,14,420.0,450.0,1.0,csv
369,G,6,AB，G，20.3-0121205052.zip,0,0.0,30.0,1.0,csv
370,G,6,AB，G，20.3-0121205052.zip,1,30.0,60.0,1.0,csv
371,G,6,AB，G，20.3-0121205052.zip,2,60.0,90.0,1.0,csv
372,G,6,AB，G，20.3-0121205052.zip,3,90.0,120.0,1.0,csv
373,G,6,AB，G，20.3-0121205052.zip,4,120.0,150.0,1.0,csv
374,G,6,AB，G，20.3-0121205052.zip,5,150.0,180.0,1.0,csv
375,G,6,AB，G，20.3-0121205052.zip,6,180.0,210.0,1.0,csv
376,G,6,AB，G，20.3-0121205052.zip,7,210.0,240.0,1.0,csv
377,G,6,AB，G，20.3-0121205052.zip,8,240.0,270.0,1.0,csv
378,G,6,AB，G，20.3-0121205052.zip,9,270.0,300.0,1.0,csv
379,G,6,AB，G，20.3-0121205052.zip,10,300.0,330.0,1.0,csv
380,G,6,AB，G，20.3-0121205052.zip,11,330.0,360.0,1.0,csv
381,G,6,AB，G，20.3-0121205052.zip,12,360.0,390.0,1.0,csv
382,G,6,AB，G，20.3-0121205052.zip,13,390.0,420.0,1.0,csv
383,G,6,AB，G，20.3-0121205052.zip,14,420.0,450.0,1.0,csv
384,G,6,AB，G，20.3-0121205052.zip,15,450.0,480.0,1.0,csv
385,G,6,AB，G，20.3-0121205052.zip,16,480.0,510.0,1.0,csv
386,G,6,AB，G，20.3-0121205052.zip,17,510.0,540.0,1.0,csv
387,G,6,AB，G，20.3-0121205052.zip,18,540.0,570.0,1.0,csv
388,G,6,AB，G，20.3-0121205052.zip,19,570.0,600.0,1.0,csv
389,H,7,AB，H，15.2-0121212144.zip,0,0.0,30.0,1.0,csv
390,H,7,AB，H，15.2-0121212144.zip,1,30.0,60.0,1.0,csv
391,H,7,AB，H，15.2-0121212144.zip,2,60.0,90.0,1.0,csv
392,H,7,AB，H，15.2-0121212144.zip,3,90.0,120.0,1.0,csv
393,H,7,AB，H，15.2-0121212144.zip,4,120.0,150.0,1.0,csv
394,H,7,AB，H，15.2-0121212144.zip,5,150.0,180.0,1.0,csv
395,H,7,AB，H，15.2-0121212144.zip,6,180.0,210.0,1.0,csv
396,H,7,AB，H，15.2-0121212144.zip,7,210.0,240.0,1.0,csv
397,H,7,AB，H，15.2-0121212144.zip,8,240.0,270.0,1.0,csv
398,H,7,AB，H，15.2-0121212144.zip,9,270.0,300.0,1.0,csv
399,H,7,AB，H，15.2-0121212144.zip,10,300.0,330.0,1.0,csv
400,H,7,AB，H，15.2-0121212144.zip,11,330.0,360.0,1.0,csv
401,H,7,AB，H，15.2-0121212144.zip,12,360.0,390.0,1.0,csv
402,H,7,AB，H，15.2-0121212144.zip,13,390.0,420.0,1.0,csv
403,H,7,AB，H，15.2-0121212144.zip,14,420.0,450.0,1.0,csv
404,H,7,AB，H，15.3-0121214158.zip,0,0.0,30.0,1.0,csv
405,H,7,AB，H，15.3-0121214158.zip,1,30.0,60.0,1.0,csv
406,H,7,AB，H，15.3-0121214158.zip,2,60.0,90.0,1.0,csv
407,H,7,AB，H，15.3-0121214158.zip,3,90.0,120.0,1.0,csv
408,H,7,AB，H，15.3-0121214158.zip,4,120.0,150.0,1.0,csv
409,H,7,AB，H，15.3-0121214158.zip,5,150.0,180.0,1.0,csv
410,H,7,AB，H，15.3-0121214158.zip,6,180.0,210.0,1.0,csv
411,H,7,AB，H，15.3-0121214158.zip,7,210.0,240.0,1.0,csv
412,H,7,AB，H，15.3-0121214158.zip,8,240.0,270.0,1.0,csv
413,H,7,AB，H，15.3-0121214158.zip,9,270.0,300.0,1.0,csv
414,H,7,AB，H，15.3-0121214158.zip,10,300.0,330.0,1.0,csv
415,H,7,AB，H，15.3-0121214158.zip,11,330.0,360.0,1.0,csv
416,H,7,AB，H，15.3-0121214158.zip,12,360.0,390.0,1.0,csv
417,H,7,AB，H，15.3-0121214158.zip,13,390.0,420.0,1.0,csv
418,H,7,AB，H，15.3-0121214158.zip,14,420.0,450.0,1.0,csv
419,H,7,AB，H，20.1-0121210957.zip,0,0.0,30.0,1.0,csv
420,H,7,AB，H，20.1-0121210957.zip,1,30.0,60.0,1.0,csv
421,H,7,AB，H，20.1-0121210957.zip,2,60.0,90.0,1.0,csv
422,H,7,AB，H，20.1-0121210957.zip,3,90.0,120.0,1.0,csv
423,H,7,AB，H，20.1-0121210957.zip,4,120.0,150.0,1.0,csv
424,H,7,AB，H，20.1-0121210957.zip,5,150.0,180.0,1.0,csv
425,H,7,AB，H，20.1-0121210957.zip,6,180.0,210.0,1.0,csv
426,H,7,AB，H，20.1-0121210957.zip,7,210.0,240.0,1.0,csv
427,H,7,AB，H，20.1-0121210957.zip,8,240.0,270.0,1.0,csv
428,H,7,AB，H，20.1-0121210957.zip,9,270.0,300.0,1.0,csv
429,H,7,AB，H，20.1-0121210957.zip,10,300.0,330.0,1.0,csv
430,H,7,AB，H，20.1-0121210957.zip,11,330.0,360.0,1.0,csv
431,H,7,AB，H，20.1-0121210957.zip,12,360.0,390.0,1.0,csv
432,H,7,AB，H，20.1-0121210957.zip,13,390.0,420.0,1.0,csv
433,H,7,AB，H，20.1-0121210957.zip,14,420.0,450.0,1.0,csv
434,H,7,AB，H，20.1-0121210957.zip,15,450.0,480.0,1.0,csv
435,H,7,AB，H，20.1-0121210957.zip,16,480.0,510.0,1.0,csv
436,H,7,AB，H，20.1-0121210957.zip,17,510.0,540.0,1.0,csv
437,H,7,AB，H，20.1-0121210957.zip,18,540.0,570.0,1.0,csv
438,H,7,AB，H，20.1-0121210957.zip,19,570.0,600.0,1.0,csv
439,H,7,AB，H，20组-0206170222(1).zip,0,0.0,30.0,1.0,csv
440,H,7,AB，H，20组-0206170222(1).zip,1,30.0,60.0,1.0,csv
441,H,7,AB，H，20组-0206170222(1).zip,2,60.0,90.0,1.0,csv
442,H,7,AB，H，20组-0206170222(1).zip,3,90.0,120.0,1.0,csv
443,H,7,AB，H，20组-0206170222(1).zip,4,120.0,150.0,1.0,csv
444,H,7,AB，H，20组-0206170222(1).zip,5,150.0,180.0,1.0,csv
445,H,7,AB，H，20组-0206170222(1).zip,6,180.0,210.0,1.0,csv
446,H,7,AB，H，20组-0206170222(1).zip,7,210.0,240.0,1.0,csv
447,H,7,AB，H，20组-0206170222(1).zip,8,240.0,270.0,1.0,csv
448,H,7,AB，H，20组-0206170222(1).zip,9,270.0,300.0,1.0,csv
449,H,7,AB，H，20组-0206170222(1).zip,10,300.0,330.0,1.0,csv
450,H,7,AB，H，20组-0206170222(1).zip,11,330.0,360.0,1.0,csv
451,H,7,AB，H，20组-0206170222(1).zip,12,360.0,390.0,1.0,csv
452,H,7,AB，H，20组-0206170222(1).zip,13,390.0,420.0,1.0,csv
453,H,7,AB，H，20组-0206170222(1).zip,14,420.0,450.0,1.0,csv
454,H,7,AB，H，20组-0206170222(1).zip,15,450.0,480.0,1.0,csv
455,H,7,AB，H，20组-0206170222(1).zip,16,480.0,510.0,1.0,csv
456,H,7,AB，H，20组-0206170222(1).zip,17,510.0,540.0,1.0,csv
457,H,7,AB，H，20组-0206170222(1).zip,18,540.0,570.0,1.0,csv
458,H,7,AB，H，20组-0206170222(1).zip,19,570.0,600.0,1.0,csv
459,I,8,AB，I，10.1-0122144402.zip,0,0.0,30.0,1.0,csv
460,I,8,AB，I，10.1-0122144402.zip,1,30.0,60.0,1.0,csv
461,I,8,AB，I，10.1-0122144402.zip,2,60.0,90.0,1.0,csv
462,I,8,AB，I，10.1-0122144402.zip,3,90.0,120.0,1.0,csv
463,I,8,AB，I，10.1-0122144402.zip,4,120.0,150.0,1.0,csv
464,I,8,AB，I，10.1-0122144402.zip,5,150.0,180.0,1.0,csv
465,I,8,AB，I，10.1-0122144402.zip,6,180.0,210.0,1.0,csv
466,I,8,AB，I，10.1-0122144402.zip,7,210.0,240.0,1.0,csv
467,I,8,AB，I，10.1-0122144402.zip,8,240.0,270.0,1.0,csv
468,I,8,AB，I，10.1-0122144402.zip,9,270.0,300.0,1.0,csv
469,I,8,AB，I，20.2-0122145525.zip,0,0.0,30.0,1.0,csv
470,I,8,AB，I，20.2-0122145525.zip,1,30.0,60.0,1.0,csv
471,I,8,AB，I，20.2-0122145525.zip,2,60.0,90.0,1.0,csv
472,I,8,AB，I，20.2-0122145525.zip,3,90.0,120.0,1.0,csv
473,I,8,AB，I，20.2-0122145525.zip,4,120.0,150.0,1.0,csv
474,I,8,AB，I，20.2-0122145525.zip,5,150.0,180.0,1.0,csv
475,I,8,AB，I，20.2-0122145525.zip,6,180.0,210.0,1.0,csv
476,I,8,AB，I，20.2-0122145525.zip,7,210.0,240.0,1.0,csv
477,I,8,AB，I，20.2-0122145525.zip,8,240.0,270.0,1.0,csv
478,I,8,AB，I，20.2-0122145525.zip,9,270.0,300.0,1.0,csv
479,I,8,AB，I，20.2-0122145525.zip,10,300.0,330.0,1.0,csv
480,I,8,AB，I，20.2-0122145525.zip,11,330.0,360.0,1.0,csv
481,I,8,AB，I，20.2-0122145525.zip,12,360.0,390.0,1.0,csv
482,I,8,AB，I，20.2-0122145525.zip,13,390.0,420.0,1.0,csv
483,I,8,AB，I，20.2-0122145525.zip,14,420.0,450.0,1.0,csv
484,I,8,AB，I，20.2-0122145525.zip,15,450.0,480.0,1.0,csv
485,I,8,AB，I，20.2-0122145525.zip,16,480.0,510.0,1.0,csv
486,I,8,AB，I，20.2-0122145525.zip,17,510.0,540.0,1.0,csv
487,I,8,AB，I，20.2-0122145525.zip,18,540.0,570.0,1.0,csv
488,I,8,AB，I，20.2-0122145525.zip,19,570.0,600.0,1.0,csv
489,I,8,AB，I，20.3-0122150624.zip,0,0.0,30.0,1.0,csv
490,I,8,AB，I，20.3-0122150624.zip,1,30.0,60.0,1.0,csv
491,I,8,AB，I，20.3-0122150624.zip,2,60.0,90.0,1.0,csv
492,I,8,AB，I，20.3-0122150624.zip,3,90.0,120.0,1.0,csv
493,I,8,AB，I，20.3-0122150624.zip,4,120.0,150.0,1.0,csv
494,I,8,AB，I，20.3-0122150624.zip,5,150.0,180.0,1.0,csv
495,I,8,AB，I，20.3-0122150624.zip,6,180.0,210.0,1.0,csv
496,I,8,AB，I，20.3-0122150624.zip,7,210.0,240.0,1.0,csv
497,I,8,AB，I，20.3-0122150624.zip,8,240.0,270.0,1.0,csv
498,I,8,AB，I，20.3-0122150624.zip,9,270.0,300.0,1.0,csv
499,I,8,AB，I，20.3-0122150624.zip,10,300.0,330.0,1.0,csv
500,I,8,AB，I，20.3-0122150624.zip,11,330.0,360.0,1.0,csv
501,I,8,AB，I，20.3-0122150624.zip,12,360.0,390.0,1.0,csv
502,I,8,AB，I，20.3-0122150624.zip,13,390.0,420.0,1.0,csv
503,I,8,AB，I，20.3-0122150624.zip,14,420.0,450.0,1.0,csv
504,I,8,AB，I，20.3-0122150624.zip,15,450.0,480.0,1.0,csv
505,I,8,AB，I，20.3-0122150624.zip,16,480.0,510.0,1.0,csv
506,I,8,AB，I，20.3-0122150624.zip,17,510.0,540.0,1.0,csv
507,I,8,AB，I，20.3-0122150624.zip,18,540.0,570.0,1.0,csv
508,I,8,AB，I，20.3-0122150624.zip,19,570.0,600.0,1.0,csv
509,J,9,AB，J，15.2-0122154045.zip,0,0.0,30.0,1.0,csv
510,J,9,AB，J，15.2-0122154045.zip,1,30.0,60.0,1.0,csv
511,J,9,AB，J，15.2-0122154045.zip,2,60.0,90.0,1.0,csv
512,J,9,AB，J，15.2-0122154045.zip,3,90.0,120.0,1.0,csv
513,J,9,AB，J，15.2-0122154045.zip,4,120.0,150.0,1.0,csv
514,J,9,AB，J，15.2-0122154045.zip,5,150.0,180.0,1.0,csv
515,J,9,AB，J，15.2-0122154045.zip,6,180.0,210.0,1.0,csv
516,J,9,AB，J，15.2-0122154045.zip,7,210.0,240.0,1.0,csv
517,J,9,AB，J，15.2-0122154045.zip,8,240.0,270.0,1.0,csv
518,J,9,AB，J，15.2-0122154045.zip,9,270.0,300.0,1.0,csv
519,J,9,AB，J，15.2-0122154045.zip,10,300.0,330.0,1.0,csv
520,J,9,AB，J，15.2-0122154045.zip,11,330.0,360.0,1.0,csv
521,J,9,AB，J，15.2-0122154045.zip,12,360.0,390.0,1.0,csv
522,J,9,AB，J，15.2-0122154045.zip,13,390.0,420.0,1.0,csv
523,J,9,AB，J，15.2-0122154045.zip,14,420.0,450.0,1.0,csv
524,J,9,AB，J，15.3-0122160753.zip,0,0.0,30.0,1.0,csv
525,J,9,AB，J，15.3-0122160753.zip,1,30.0,60.0,1.0,csv
526,J,9,AB，J，15.3-0122160753.zip,2,60.0,90.0,1.0,csv
527,J,9,AB，J，15.3-0122160753.zip,3,90.0,120.0,1.0,csv
528,J,9,AB，J，15.3-0122160753.zip,4,120.0,150.0,1.0,csv
529,J,9,AB，J，15.3-0122160753.zip,5,150.0,180.0,1.0,csv
530,J,9,AB，J，15.3-0122160753.zip,6,180.0,210.0,1.0,csv
531,J,9,AB，J，15.3-0122160753.zip,7,210.0,240.0,1.0,csv
532,J,9,AB，J，15.3-0122160753.zip,8,240.0,270.0,1.0,csv
533,J,9,AB，J，15.3-0122160753.zip,9,270.0,300.0,1.0,csv
534,J,9,AB，J，15.3-0122160753.zip,10,300.0,330.0,1.0,csv
535,J,9,AB，J，15.3-0122160753.zip,11,330.0,360.0,1.0,csv
536,J,9,AB，J，15.3-0122160753.zip,12,360.0,390.0,1.0,csv
537,J,9,AB，J，15.3-0122160753.zip,13,390.0,420.0,1.0,csv
538,J,9,AB，J，15.3-0122160753.zip,14,420.0,450.0,1.0,csv
539,J,9,AB，J，20.1-0122152841.zip,0,0.0,30.0,1.0,csv
540,J,9,AB，J，20.1-0122152841.zip,1,30.0,60.0,1.0,csv
541,J,9,AB，J，20.1-0122152841.zip,2,60.0,90.0,1.0,csv
542,J,9,AB，J，20.1-0122152841.zip,3,90.0,120.0,1.0,csv
543,J,9,AB，J，20.1-0122152841.zip,4,120.0,150.0,1.0,csv
544,J,9,AB，J，20.1-0122152841.zip,5,150.0,180.0,1.0,csv
545,J,9,AB，J，20.1-0122152841.zip,6,180.0,210.0,1.0,csv
546,J,9,AB，J，20.1-0122152841.zip,7,210.0,240.0,1.0,csv
547,J,9,AB，J，20.1-0122152841.zip,8,240.0,270.0,1.0,csv
548,J,9,AB，J，20.1-0122152841.zip,9,270.0,300.0,1.0,csv
549,J,9,AB，J，20.1-0122152841.zip,10,300.0,330.0,1.0,csv
550,J,9,AB，J，20.1-0122152841.zip,11,330.0,360.0,1.0,csv
551,J,9,AB，J，20.1-0122152841.zip,12,360.0,390.0,1.0,csv
552,J,9,AB，J，20.1-0122152841.zip,13,390.0,420.0,1.0,csv
553,J,9,AB，J，20.1-0122152841.zip,14,420.0,450.0,1.0,csv
554,J,9,AB，J，20.1-0122152841.zip,15,450.0,480.0,1.0,csv
555,J,9,AB，J，20.1-0122152841.zip,16,480.0,510.0,1.0,csv
556,J,9,AB，J，20.1-0122152841.zip,17,510.0,540.0,1.0,csv
557,J,9,AB，J，20.1-0122152841.zip,18,540.0,570.0,1.0,csv
558,J,9,AB，J，20.1-0122152841.zip,19,570.0,600.0,1.0,csv
559,K,10,AB，K，10.3-0122165843.zip,0,0.0,30.0,1.0,csv
560,K,10,AB，K，10.3-0122165843.zip,1,30.0,60.0,1.0,csv
561,K,10,AB，K，10.3-0122165843.zip,2,60.0,90.0,1.0,csv
562,K,10,AB，K，10.3-0122165843.zip,3,90.0,120.0,1.0,csv
563,K,10,AB，K，10.3-0122165843.zip,4,120.0,150.0,1.0,csv
564,K,10,AB，K，10.3-0122165843.zip,5,150.0,180.0,1.0,csv
565,K,10,AB，K，10.3-0122165843.zip,6,180.0,210.0,1.0,csv
566,K,10,AB，K，10.3-0122165843.zip,7,210.0,240.0,1.0,csv
567,K,10,AB，K，10.3-0122165843.zip,8,240.0,270.0,1.0,csv
568,K,10,AB，K，10.3-0122165843.zip,9,270.0,300.0,1.0,csv
569,K,10,AB，K，20.1-0122162640.zip,0,0.0,30.0,1.0,csv
570,K,10,AB，K，20.1-0122162640.zip,1,30.0,60.0,1.0,csv
571,K,10,AB，K，20.1-0122162640.zip,2,60.0,90.0,1.0,csv
572,K,10,AB，K，20.1-0122162640.zip,3,90.0,120.0,1.0,csv
573,K,10,AB，K，20.1-0122162640.zip,4,120.0,150.0,1.0,csv
574,K,10,AB，K，20.1-0122162640.zip,5,150.0,180.0,1.0,csv
575,K,10,AB，K，20.1-0122162640.zip,6,180.0,210.0,1.0,csv
576,K,10,AB，K，20.1-0122162640.zip,7,210.0,240.0,1.0,csv
577,K,10,AB，K，20.1-0122162640.zip,8,240.0,270.0,1.0,csv
578,K,10,AB，K，20.1-0122162640.zip,9,270.0,300.0,1.0,csv
579,K,10,AB，K，20.1-0122162640.zip,10,300.0,330.0,1.0,csv
580,K,10,AB，K，20.1-0122162640.zip,11,330.0,360.0,1.0,csv
581,K,10,AB，K，20.1-0122162640.zip,12,360.0,390.0,1.0,csv
582,K,10,AB，K，20.1-0122162640.zip,13,390.0,420.0,1.0,csv
583,K,10,AB，K，20.1-0122162640.zip,14,420.0,450.0,1.0,csv
584,K,10,AB，K，20.1-0122162640.zip,15,450.0,480.0,1.0,csv
585,K,10,AB，K，20.1-0122162640.zip,16,480.0,510.0,1.0,csv
586,K,10,AB，K，20.1-0122162640.zip,17,510.0,540.0,1.0,csv
587,K,10,AB，K，20.1-0122162640.zip,18,540.0,570.0,1.0,csv
588,K,10,AB，K，20.1-0122162640.zip,19,570.0,600.0,1.0,csv
589,K,10,AB，K，20.2-0122165226.zip,0,0.0,30.0,1.0,csv
590,K,10,AB，K，20.2-0122165226.zip,1,30.0,60.0,1.0,csv
591,K,10,AB，K，20.2-0122165226.zip,2,60.0,90.0,1.0,csv
592,K,10,AB，K，20.2-0122165226.zip,3,90.0,120.0,1.0,csv
593,K,10,AB，K，20.2-0122165226.zip,4,120.0,150.0,1.0,csv
594,K,10,AB，K，20.2-0122165226.zip,5,150.0,180.0,1.0,csv
595,K,10,AB，K，20.2-0122165226.zip,6,180.0,210.0,1.0,csv
596,K,10,AB，K，20.2-0122165226.zip,7,210.0,240.0,1.0,csv
597,K,10,AB，K，20.2-0122165226.zip,8,240.0,270.0,1.0,csv
598,K,10,AB，K，20.2-0122165226.zip,9,270.0,300.0,1.0,csv
599,K,10,AB，K，20.2-0122165226.zip,10,300.0,330.0,1.0,csv
600,K,10,AB，K，20.2-0122165226.zip,11,330.0,360.0,1.0,csv
601,K,10,AB，K，20.2-0122165226.zip,12,360.0,390.0,1.0,csv
602,K,10,AB，K，20.2-0122165226.zip,13,390.0,420.0,1.0,csv
603,K,10,AB，K，20.2-0122165226.zip,14,420.0,450.0,1.0,csv
604,K,10,AB，K，20.2-0122165226.zip,15,450.0,480.0,1.0,csv
605,K,10,AB，K，20.2-0122165226.zip,16,480.0,510.0,1.0,csv
606,K,10,AB，K，20.2-0122165226.zip,17,510.0,540.0,1.0,csv
607,K,10,AB，K，20.2-0122165226.zip,18,540.0,570.0,1.0,csv
608,K,10,AB，K，20.2-0122165226.zip,19,570.0,600.0,1.0,csv
609,L,11,AB，L，10.3-0126153016.zip,0,0.0,30.0,1.0,csv
610,L,11,AB，L，10.3-0126153016.zip,1,30.0,60.0,1.0,csv
611,L,11,AB，L，10.3-0126153016.zip,2,60.0,90.0,1.0,csv
612,L,11,AB，L，10.3-0126153016.zip,3,90.0,120.0,1.0,csv
613,L,11,AB，L，10.3-0126153016.zip,4,120.0,150.0,1.0,csv
614,L,11,AB，L，10.3-0126153016.zip,5,150.0,180.0,1.0,csv
615,L,11,AB，L，10.3-0126153016.zip,6,180.0,210.0,1.0,csv
616,L,11,AB，L，10.3-0126153016.zip,7,210.0,240.0,1.0,csv
617,L,11,AB，L，10.3-0126153016.zip,8,240.0,270.0,1.0,csv
618,L,11,AB，L，10.3-0126153016.zip,9,270.0,300.0,1.0,csv
619,L,11,AB，L，20.1-0126151246.zip,0,0.0,30.0,1.0,csv
620,L,11,AB，L，20.1-0126151246.zip,1,30.0,60.0,1.0,csv
621,L,11,AB，L，20.1-0126151246.zip,2,60.0,90.0,1.0,csv
622,L,11,AB，L，20.1-0126151246.zip,3,90.0,120.0,1.0,csv
623,L,11,AB，L，20.1-0126151246.zip,4,120.0,150.0,1.0,csv
624,L,11,AB，L，20.1-0126151246.zip,5,150.0,180.0,1.0,csv
625,L,11,AB，L，20.1-0126151246.zip,6,180.0,210.0,1.0,csv
626,L,11,AB，L，20.1-0126151246.zip,7,210.0,240.0,1.0,csv
627,L,11,AB，L，20.1-0126151246.zip,8,240.0,270.0,1.0,csv
628,L,11,AB，L，20.1-0126151246.zip,9,270.0,300.0,1.0,csv
629,L,11,AB，L，20.1-0126151246.zip,10,300.0,330.0,1.0,csv
630,L,11,AB，L，20.1-0126151246.zip,11,330.0,360.0,1.0,csv
631,L,11,AB，L，20.1-0126151246.zip,12,360.0,390.0,1.0,csv
632,L,11,AB，L，20.1-0126151246.zip,13,390.0,420.0,1.0,csv
633,L,11,AB，L，20.1-0126151246.zip,14,420.0,450.0,1.0,csv
634,L,11,AB，L，20.1-0126151246.zip,15,450.0,480.0,1.0,csv
635,L,11,AB，L，20.1-0126151246.zip,16,480.0,510.0,1.0,csv
636,L,11,AB，L，20.1-0126151246.zip,17,510.0,540.0,1.0,csv
637,L,11,AB，L，20.1-0126151246.zip,18,540.0,570.0,1.0,csv
638,L,11,AB，L，20.1-0126151246.zip,19,570.0,600.0,1.0,csv
639,L,11,AB，L，20.2-0126152426.zip,0,0.0,30.0,1.0,csv
640,L,11,AB，L，20.2-0126152426.zip,1,30.0,60.0,1.0,csv
641,L,11,AB，L，20.2-0126152426.zip,2,60.0,90.0,1.0,csv
642,L,11,AB，L，20.2-0126152426.zip,3,90.0,120.0,1.0,csv
643,L,11,AB，L，20.2-0126152426.zip,4,120.0,150.0,1.0,csv
644,L,11,AB，L，20.2-0126152426.zip,5,150.0,180.0,1.0,csv
645,L,11,AB，L，20.2-0126152426.zip,6,180.0,210.0,1.0,csv
646,L,11,AB，L，20.2-0126152426.zip,7,210.0,240.0,1.0,csv
647,L,11,AB，L，20.2-0126152426.zip,8,240.0,270.0,1.0,csv
648,L,11,AB，L，20.2-0126152426.zip,9,270.0,300.0,1.0,csv
649,L,11,AB，L，20.2-0126152426.zip,10,300.0,330.0,1.0,csv
650,L,11,AB，L，20.2-0126152426.zip,11,330.0,360.0,1.0,csv
651,L,11,AB，L，20.2-0126152426.zip,12,360.0,390.0,1.0,csv
652,L,11,AB，L，20.2-0126152426.zip,13,390.0,420.0,1.0,csv
653,L,11,AB，L，20.2-0126152426.zip,14,420.0,450.0,1.0,csv
654,L,11,AB，L，20.2-0126152426.zip,15,450.0,480.0,1.0,csv
655,L,11,AB，L，20.2-0126152426.zip,16,480.0,510.0,1.0,csv
656,L,11,AB，L，20.2-0126152426.zip,17,510.0,540.0,1.0,csv
657,L,11,AB，L，20.2-0126152426.zip,18,540.0,570.0,1.0,csv
658,L,11,AB，L，20.2-0126152426.zip,19,570.0,600.0,1.0,csv
659,L,11,AB，L，20组--0206172426(1).zip,0,0.0,30.0,1.0,csv
660,L,11,AB，L，20组--0206172426(1).zip,1,30.0,60.0,1.0,csv
661,L,11,AB，L，20组--0206172426(1).zip,2,60.0,90.0,1.0,csv
662,L,11,AB，L，20组--0206172426(1).zip,3,90.0,120.0,1.0,csv
663,L,11,AB，L，20组--0206172426(1).zip,4,120.0,150.0,1.0,csv
664,L,11,AB，L，20组--0206172426(1).zip,5,150.0,180.0,1.0,csv
665,L,11,AB，L，20组--0206172426(1).zip,6,180.0,210.0,1.0,csv
666,L,11,AB，L，20组--0206172426(1).zip,7,210.0,240.0,1.0,csv
667,L,11,AB，L，20组--0206172426(1).zip,8,240.0,270.0,1.0,csv
668,L,11,AB，L，20组--0206172426(1).zip,9,270.0,300.0,1.0,csv
669,L,11,AB，L，20组--0206172426(1).zip,10,300.0,330.0,1.0,csv
670,L,11,AB，L，20组--0206172426(1).zip,11,330.0,360.0,1.0,csv
671,L,11,AB，L，20组--0206172426(1).zip,12,360.0,390.0,1.0,csv
672,L,11,AB，L，20组--0206172426(1).zip,13,390.0,420.0,1.0,csv
673,L,11,AB，L，20组--0206172426(1).zip,14,420.0,450.0,1.0,csv
674,L,11,AB，L，20组--0206172426(1).zip,15,450.0,480.0,1.0,csv
675,L,11,AB，L，20组--0206172426(1).zip,16,480.0,510.0,1.0,csv
676,L,11,AB，L，20组--0206172426(1).zip,17,510.0,540.0,1.0,csv
677,L,11,AB，L，20组--0206172426(1).zip,18,540.0,570.0,1.0,csv
678,L,11,AB，L，20组--0206172426(1).zip,19,570.0,600.0,1.0,csv
679,M,12,AB，M，10.3-0126160607.zip,0,0.0,30.0,1.0,csv
680,M,12,AB，M，10.3-0126160607.zip,1,30.0,60.0,1.0,csv
681,M,12,AB，M，10.3-0126160607.zip,2,60.0,90.0,1.0,csv
682,M,12,AB，M，10.3-0126160607.zip,3,90.0,120.0,1.0,csv
683,M,12,AB，M，10.3-0126160607.zip,4,120.0,150.0,1.0,csv
684,M,12,AB，M，10.3-0126160607.zip,5,150.0,180.0,1.0,csv
685,M,12,AB，M，10.3-0126160607.zip,6,180.0,210.0,1.0,csv
686,M,12,AB，M，10.3-0126160607.zip,7,210.0,240.0,1.0,csv
687,M,12,AB，M，10.3-0126160607.zip,8,240.0,270.0,1.0,csv
688,M,12,AB，M，10.3-0126160607.zip,9,270.0,300.0,1.0,csv
689,M,12,AB，M，20.1-0126154550.zip,0,0.0,30.0,1.0,csv
690,M,12,AB，M，20.1-0126154550.zip,1,30.0,60.0,1.0,csv
691,M,12,AB，M，20.1-0126154550.zip,2,60.0,90.0,1.0,csv
692,M,12,AB，M，20.1-0126154550.zip,3,90.0,120.0,1.0,csv
693,M,12,AB，M，20.1-0126154550.zip,4,120.0,150.0,1.0,csv
694,M,12,AB，M，20.1-0126154550.zip,5,150.0,180.0,1.0,csv
695,M,12,AB，M，20.1-0126154550.zip,6,180.0,210.0,1.0,csv
696,M,12,AB，M，20.1-0126154550.zip,7,210.0,240.0,1.0,csv
697,M,12,AB，M，20.1-0126154550.zip,8,240.0,270.0,1.0,csv
698,M,12,AB，M，20.1-0126154550.zip,9,270.0,300.0,1.0,csv
699,M,12,AB，M，20.1-0126154550.zip,10,300.0,330.0,1.0,csv
700,M,12,AB，M，20.1-0126154550.zip,11,330.0,360.0,1.0,csv
701,M,12,AB，M，20.1-0126154550.zip,12,360.0,390.0,1.0,csv
702,M,12,AB，M，20.1-0126154550.zip,13,390.0,420.0,1.0,csv
703,M,12,AB，M，20.1-0126154550.zip,14,420.0,450.0,1.0,csv
704,M,12,AB，M，20.1-0126154550.zip,15,450.0,480.0,1.0,csv
705,M,12,AB，M，20.1-0126154550.zip,16,480.0,510.0,1.0,csv
706,M,12,AB，M，20.1-0126154550.zip,17,510.0,540.0,1.0,csv
707,M,12,AB，M，20.1-0126154550.zip,18,540.0,570.0,1.0,csv
708,M,12,AB，M，20.1-0126154550.zip,19,570.0,600.0,1.0,csv
709,M,12,AB，M，20.2-0126155714.zip,0,0.0,30.0,1.0,csv
710,M,12,AB，M，20.2-0126155714.zip,1,30.0,60.0,1.0,csv
711,M,12,AB，M，20.2-0126155714.zip,2,60.0,90.0,1.0,csv
712,M,12,AB，M，20.2-0126155714.zip,3,90.0,120.0,1.0,csv
713,M,12,AB，M，20.2-0126155714.zip,4,120.0,150.0,1.0,csv
714,M,12,AB，M，20.2-0126155714.zip,5,150.0,180.0,1.0,csv
715,M,12,AB，M，20.2-0126155714.zip,6,180.0,210.0,1.0,csv
716,M,12,AB，M，20.2-0126155714.zip,7,210.0,240.0,1.0,csv
717,M,12,AB，M，20.2-0126155714.zip,8,240.0,270.0,1.0,csv
718,M,12,AB，M，20.2-0126155714.zip,9,270.0,300.0,1.0,csv
719,M,12,AB，M，20.2-0126155714.zip,10,300.0,330.0,1.0,csv
720,M,12,AB，M，20.2-0126155714.zip,11,330.0,360.0,1.0,csv
721,M,12,AB，M，20.2-0126155714.zip,12,360.0,390.0,1.0,csv
722,M,12,AB，M，20.2-0126155714.zip,13,390.0,420.0,1.0,csv
723,M,12,AB，M，20.2-0126155714.zip,14,420.0,450.0,1.0,csv
724,M,12,AB，M，20.2-0126155714.zip,15,450.0,480.0,1.0,csv
725,M,12,AB，M，20.2-0126155714.zip,16,480.0,510.0,1.0,csv
726,M,12,AB，M，20.2-0126155714.zip,17,510.0,540.0,1.0,csv
727,M,12,AB，M，20.2-0126155714.zip,18,540.0,570.0,1.0,csv
728,M,12,AB，M，20.2-0126155714.zip,19,570.0,600.0,1.0,csv
729,M,12,AB，M，20组-0206184626(1).zip,0,0.0,30.0,1.0,csv
730,M,12,AB，M，20组-0206184626(1).zip,1,30.0,60.0,1.0,csv
731,M,12,AB，M，20组-0206184626(1).zip,2,60.0,90.0,1.0,csv
732,M,12,AB，M，20组-0206184626(1).zip,3,90.0,120.0,1.0,csv
733,M,12,AB，M，20组-0206184626(1).zip,4,120.0,150.0,1.0,csv
734,M,12,AB，M，20组-0206184626(1).zip,5,150.0,180.0,1.0,csv
735,M,12,AB，M，20组-0206184626(1).zip,6,180.0,210.0,1.0,csv
736,M,12,AB，M，20组-0206184626(1).zip,7,210.0,240.0,1.0,csv
737,M,12,AB，M，20组-0206184626(1).zip,8,240.0,270.0,1.0,csv
738,M,12,AB，M，20组-0206184626(1).zip,9,270.0,300.0,1.0,csv
739,M,12,AB，M，20组-0206184626(1).zip,10,300.0,330.0,1.0,csv
740,M,12,AB，M，20组-0206184626(1).zip,11,330.0,360.0,1.0,csv
741,M,12,AB，M，20组-0206184626(1).zip,12,360.0,390.0,1.0,csv
742,M,12,AB，M，20组-0206184626(1).zip,13,390.0,420.0,1.0,csv
743,M,12,AB，M，20组-0206184626(1).zip,14,420.0,450.0,1.0,csv
744,M,12,AB，M，20组-0206184626(1).zip,15,450.0,480.0,1.0,csv
745,M,12,AB，M，20组-0206184626(1).zip,16,480.0,510.0,1.0,csv
746,M,12,AB，M，20组-0206184626(1).zip,17,510.0,540.0,1.0,csv
747,M,12,AB，M，20组-0206184626(1).zip,18,540.0,570.0,1.0,csv
748,M,12,AB，M，20组-0206184626(1).zip,19,570.0,600.0,1.0,csv
749,N,13,AB，N，10.4-0126163735.zip,0,0.0,30.0,1.0,csv
750,N,13,AB，N，10.4-0126163735.zip,1,30.0,60.0,1.0,csv
751,N,13,AB，N，10.4-0126163735.zip,2,60.0,90.0,1.0,csv
752,N,13,AB，N，10.4-0126163735.zip,3,90.0,120.0,1.0,csv
753,N,13,AB，N，10.4-0126163735.zip,4,120.0,150.0,1.0,csv
754,N,13,AB，N，10.4-0126163735.zip,5,150.0,180.0,1.0,csv
755,N,13,AB，N，10.4-0126163735.zip,6,180.0,210.0,1.0,csv
756,N,13,AB，N，10.4-0126163735.zip,7,210.0,240.0,1.0,csv
757,N,13,AB，N，10.4-0126163735.zip,8,240.0,270.0,1.0,csv
758,N,13,AB，N，10.4-0126163735.zip,9,270.0,300.0,1.0,csv
759,N,13,AB，N，12.2-0126162133.zip,0,0.0,30.0,1.0,csv
760,N,13,AB，N，12.2-0126162133.zip,1,30.0,60.0,1.0,csv
761,N,13,AB，N，12.2-0126162133.zip,2,60.0,90.0,1.0,csv
762,N,13,AB，N，12.2-0126162133.zip,3,90.0,120.0,1.0,csv
763,N,13,AB，N，12.2-0126162133.zip,4,120.0,150.0,1.0,csv
764,N,13,AB，N，12.2-0126162133.zip,5,150.0,180.0,1.0,csv
765,N,13,AB，N，12.2-0126162133.zip,6,180.0,210.0,1.0,csv
766,N,13,AB，N，12.2-0126162133.zip,7,210.0,240.0,1.0,csv
767,N,13,AB，N，12.2-0126162133.zip,8,240.0,270.0,1.0,csv
768,N,13,AB，N，12.2-0126162133.zip,9,270.0,300.0,1.0,csv
769,N,13,AB，N，12.2-0126162133.zip,10,300.0,330.0,1.0,csv
770,N,13,AB，N，12.2-0126162133.zip,11,330.0,360.0,1.0,csv
771,N,13,AB，N，13.1-0126161436.zip,0,0.0,30.0,1.0,csv
772,N,13,AB，N，13.1-0126161436.zip,1,30.0,60.0,1.0,csv
773,N,13,AB，N，13.1-0126161436.zip,2,60.0,90.0,1.0,csv
774,N,13,AB，N，13.1-0126161436.zip,3,90.0,120.0,1.0,csv
775,N,13,AB，N，13.1-0126161436.zip,4,120.0,150.0,1.0,csv
776,N,13,AB，N，13.1-0126161436.zip,5,150.0,180.0,1.0,csv
777,N,13,AB，N，13.1-0126161436.zip,6,180.0,210.0,1.0,csv
778,N,13,AB，N，13.1-0126161436.zip,7,210.0,240.0,1.0,csv
779,N,13,AB，N，13.1-0126161436.zip,8,240.0,270.0,1.0,csv
780,N,13,AB，N，13.1-0126161436.zip,9,270.0,300.0,1.0,csv
781,N,13,AB，N，13.1-0126161436.zip,10,300.0,330.0,1.0,csv
782,N,13,AB，N，13.1-0126161436.zip,11,330.0,360.0,1.0,csv
783,N,13,AB，N，13.1-0126161436.zip,12,360.0,390.0,1.0,csv
784,N,13,AB，N，15.3-0126163004.zip,0,0.0,30.0,1.0,csv
785,N,13,AB，N，15.3-0126163004.zip,1,30.0,60.0,1.0,csv
786,N,13,AB，N，15.3-0126163004.zip,2,60.0,90.0,1.0,csv
787,N,13,AB，N，15.3-0126163004.zip,3,90.0,120.0,1.0,csv
788,N,13,AB，N，15.3-0126163004.zip,4,120.0,150.0,1.0,csv
789,N,13,AB，N，15.3-0126163004.zip,5,150.0,180.0,1.0,csv
790,N,13,AB，N，15.3-0126163004.zip,6,180.0,210.0,1.0,csv
791,N,13,AB，N，15.3-0126163004.zip,7,210.0,240.0,1.0,csv
792,N,13,AB，N，15.3-0126163004.zip,8,240.0,270.0,1.0,csv
793,N,13,AB，N，15.3-0126163004.zip,9,270.0,300.0,1.0,csv
794,N,13,AB，N，15.3-0126163004.zip,10,300.0,330.0,1.0,csv
795,N,13,AB，N，15.3-0126163004.zip,11,330.0,360.0,1.0,csv
796,N,13,AB，N，15.3-0126163004.zip,12,360.0,390.0,1.0,csv
797,N,13,AB，N，15.3-0126163004.zip,13,390.0,420.0,1.0,csv
798,N,13,AB，N，15.3-0126163004.zip,14,420.0,450.0,1.0,csv
799,O,14,AB，O，13组-0206185506(2).zip,0,0.0,30.0,1.0,csv
800,O,14,AB，O，13组-0206185506(2).zip,1,30.0,60.0,1.0,csv
801,O,14,AB，O，13组-0206185506(2).zip,2,60.0,90.0,1.0,csv
802,O,14,AB，O，13组-0206185506(2).zip,3,90.0,120.0,1.0,csv
803,O,14,AB，O，13组-0206185506(2).zip,4,120.0,150.0,1.0,csv
804,O,14,AB，O，13组-0206185506(2).zip,5,150.0,180.0,1.0,csv
805,O,14,AB，O，13组-0206185506(2).zip,6,180.0,210.0,1.0,csv
806,O,14,AB，O，13组-0206185506(2).zip,7,210.0,240.0,1.0,csv
807,O,14,AB，O，13组-0206185506(2).zip,8,240.0,270.0,1.0,csv
808,O,14,AB，O，13组-0206185506(2).zip,9,270.0,300.0,1.0,csv
809,O,14,AB，O，13组-0206185506(2).zip,10,300.0,330.0,1.0,csv
810,O,14,AB，O，13组-0206185506(2).zip,11,330.0,360.0,1.0,csv
811,O,14,AB，O，13组-0206185506(2).zip,12,360.0,390.0,1.0,csv
812,O,14,AB，O，13组-0206185506(2).zip,13,390.0,420.0,1.0,csv
813,O,14,AB，O，15.1-0126164614.zip,0,0.0,30.0,1.0,csv
814,O,14,AB，O，15.1-0126164614.zip,1,30.0,60.0,1.0,csv
815,O,14,AB，O，15.1-0126164614.zip,2,60.0,90.0,1.0,csv
816,O,14,AB，O，15.1-0126164614.zip,3,90.0,120.0,1.0,csv
817,O,14,AB，O，15.1-0126164614.zip,4,120.0,150.0,1.0,csv
818,O,14,AB，O，15.1-0126164614.zip,5,150.0,180.0,1.0,csv
819,O,14,AB，O，15.1-0126164614.zip,6,180.0,210.0,1.0,csv
820,O,14,AB，O，15.1-0126164614.zip,7,210.0,240.0,1.0,csv
821,O,14,AB，O，15.1-0126164614.zip,8,240.0,270.0,1.0,csv
822,O,14,AB，O，15.1-0126164614.zip,9,270.0,300.0,1.0,csv
823,O,14,AB，O，15.1-0126164614.zip,10,300.0,330.0,1.0,csv
824,O,14,AB，O，15.1-0126164614.zip,11,330.0,360.0,1.0,csv
825,O,14,AB，O，15.1-0126164614.zip,12,360.0,390.0,1.0,csv
826,O,14,AB，O，15.1-0126164614.zip,13,390.0,420.0,1.0,csv
827,O,14,AB，O，15.1-0126164614.zip,14,420.0,450.0,1.0,csv
828,O,14,AB，O，15.2-0126170542.zip,0,0.0,30.0,1.0,csv
829,O,14,AB，O，15.2-0126170542.zip,1,30.0,60.0,1.0,csv
830,O,14,AB，O，15.2-0126170542.zip,2,60.0,90.0,1.0,csv
831,O,14,AB，O，15.2-0126170542.zip,3,90.0,120.0,1.0,csv
832,O,14,AB，O，15.2-0126170542.zip,4,120.0,150.0,1.0,csv
833,O,14,AB，O，15.2-0126170542.zip,5,150.0,180.0,1.0,csv
834,O,14,AB，O，15.2-0126170542.zip,6,180.0,210.0,1.0,csv
835,O,14,AB，O，15.2-0126170542.zip,7,210.0,240.0,1.0,csv
836,O,14,AB，O，15.2-0126170542.zip,8,240.0,270.0,1.0,csv
837,O,14,AB，O，15.2-0126170542.zip,9,270.0,300.0,1.0,csv
838,O,14,AB，O，15.2-0126170542.zip,10,300.0,330.0,1.0,csv
839,O,14,AB，O，15.2-0126170542.zip,11,330.0,360.0,1.0,csv
840,O,14,AB，O，15.2-0126170542.zip,12,360.0,390.0,1.0,csv
841,O,14,AB，O，15.2-0126170542.zip,13,390.0,420.0,1.0,csv
842,O,14,AB，O，15.2-0126170542.zip,14,420.0,450.0,1.0,csv
843,O,14,AB，O，20.3-0126171808.zip,0,0.0,30.0,1.0,csv
844,O,14,AB，O，20.3-0126171808.zip,1,30.0,60.0,1.0,csv
845,O,14,AB，O，20.3-0126171808.zip,2,60.0,90.0,1.0,csv
846,O,14,AB，O，20.3-0126171808.zip,3,90.0,120.0,1.0,csv
847,O,14,AB，O，20.3-0126171808.zip,4,120.0,150.0,1.0,csv
848,O,14,AB，O，20.3-0126171808.zip,5,150.0,180.0,1.0,csv
849,O,14,AB，O，20.3-0126171808.zip,6,180.0,210.0,1.0,csv
850,O,14,AB，O，20.3-0126171808.zip,7,210.0,240.0,1.0,csv
851,O,14,AB，O，20.3-0126171808.zip,8,240.0,270.0,1.0,csv
852,O,14,AB，O，20.3-0126171808.zip,9,270.0,300.0,1.0,csv
853,O,14,AB，O，20.3-0126171808.zip,10,300.0,330.0,1.0,csv
854,O,14,AB，O，20.3-0126171808.zip,11,330.0,360.0,1.0,csv
855,O,14,AB，O，20.3-0126171808.zip,12,360.0,390.0,1.0,csv
856,O,14,AB，O，20.3-0126171808.zip,13,390.0,420.0,1.0,csv
857,O,14,AB，O，20.3-0126171808.zip,14,420.0,450.0,1.0,csv
858,O,14,AB，O，20.3-0126171808.zip,15,450.0,480.0,1.0,csv
859,O,14,AB，O，20.3-0126171808.zip,16,480.0,510.0,1.0,csv
860,O,14,AB，O，20.3-0126171808.zip,17,510.0,540.0,1.0,csv
861,O,14,AB，O，20.3-0126171808.zip,18,540.0,570.0,1.0,csv
862,O,14,AB，O，20.3-0126171808.zip,19,570.0,600.0,1.0,csv
863,O,14,AB，O，7组-0206185906(1).zip,0,0.0,30.0,1.0,csv
864,O,14,AB，O，7组-0206185906(1).zip,1,30.0,60.0,1.0,csv
865,O,14,AB，O，7组-0206185906(1).zip,2,60.0,90.0,1.0,csv
866,O,14,AB，O，7组-0206185906(1).zip,3,90.0,120.0,1.0,csv
867,O,14,AB，O，7组-0206185906(1).zip,4,120.0,150.0,1.0,csv
868,O,14,AB，O，7组-0206185906(1).zip,5,150.0,180.0,1.0,csv
869,O,14,AB，O，7组-0206185906(1).zip,6,180.0,210.0,1.0,csv
870,P,15,AB，P，15.1-0201175025.zip,0,0.0,30.0,1.0,csv
871,P,15,AB，P，15.1-0201175025.zip,1,30.0,60.0,1.0,csv
872,P,15,AB，P，15.1-0201175025.zip,2,60.0,90.0,1.0,csv
873,P,15,AB，P，15.1-0201175025.zip,3,90.0,120.0,1.0,csv
874,P,15,AB，P，15.1-0201175025.zip,4,120.0,150.0,1.0,csv
875,P,15,AB，P，15.1-0201175025.zip,5,150.0,180.0,1.0,csv
876,P,15,AB，P，15.1-0201175025.zip,6,180.0,210.0,1.0,csv
877,P,15,AB，P，15.1-0201175025.zip,7,210.0,240.0,1.0,csv
878,P,15,AB，P，15.1-0201175025.zip,8,240.0,270.0,1.0,csv
879,P,15,AB，P，15.1-0201175025.zip,9,270.0,300.0,1.0,csv
880,P,15,AB，P，15.1-0201175025.zip,10,300.0,330.0,1.0,csv
881,P,15,AB，P，15.1-0201175025.zip,11,330.0,360.0,1.0,csv
882,P,15,AB，P，15.1-0201175025.zip,12,360.0,390.0,1.0,csv
883,P,15,AB，P，15.1-0201175025.zip,13,390.0,420.0,1.0,csv
884,P,15,AB，P，15.1-0201175025.zip,14,420.0,450.0,1.0,csv
885,P,15,AB，P，15.3-0201184844.zip,0,0.0,30.0,1.0,csv
886,P,15,AB，P，15.3-0201184844.zip,1,30.0,60.0,1.0,csv
887,P,15,AB，P，15.3-0201184844.zip,2,60.0,90.0,1.0,csv
888,P,15,AB，P，15.3-0201184844.zip,3,90.0,120.0,1.0,csv
889,P,15,AB，P，15.3-0201184844.zip,4,120.0,150.0,1.0,csv
890,P,15,AB，P，15.3-0201184844.zip,5,150.0,180.0,1.0,csv
891,P,15,AB，P，15.3-0201184844.zip,6,180.0,210.0,1.0,csv
892,P,15,AB，P，15.3-0201184844.zip,7,210.0,240.0,1.0,csv
893,P,15,AB，P，15.3-0201184844.zip,8,240.0,270.0,1.0,csv
894,P,15,AB，P，15.3-0201184844.zip,9,270.0,300.0,1.0,csv
895,P,15,AB，P，15.3-0201184844.zip,10,300.0,330.0,1.0,csv
896,P,15,AB，P，15.3-0201184844.zip,11,330.0,360.0,1.0,csv
897,P,15,AB，P，15.3-0201184844.zip,12,360.0,390.0,1.0,csv
898,P,15,AB，P，15.3-0201184844.zip,13,390.0,420.0,1.0,csv
899,P,15,AB，P，15.3-0201184844.zip,14,420.0,450.0,1.0,csv
900,P,15,AB，P，20.2-0201183930.zip,0,0.0,30.0,1.0,csv
901,P,15,AB，P，20.2-0201183930.zip,1,30.0,60.0,1.0,csv
902,P,15,AB，P，20.2-0201183930.zip,2,60.0,90.0,1.0,csv
903,P,15,AB，P，20.2-0201183930.zip,3,90.0,120.0,1.0,csv
904,P,15,AB，P，20.2-0201183930.zip,4,120.0,150.0,1.0,csv
905,P,15,AB，P，20.2-0201183930.zip,5,150.0,180.0,1.0,csv
906,P,15,AB，P，20.2-0201183930.zip,6,180.0,210.0,1.0,csv
907,P,15,AB，P，20.2-0201183930.zip,7,210.0,240.0,1.0,csv
908,P,15,AB，P，20.2-0201183930.zip,8,240.0,270.0,1.0,csv
909,P,15,AB，P，20.2-0201183930.zip,9,270.0,300.0,1.0,csv
910,P,15,AB，P，20.2-0201183930.zip,10,300.0,330.0,1.0,csv
911,P,15,AB，P，20.2-0201183930.zip,11,330.0,360.0,1.0,csv
912,P,15,AB，P，20.2-0201183930.zip,12,360.0,390.0,1.0,csv
913,P,15,AB，P，20.2-0201183930.zip,13,390.0,420.0,1.0,csv
914,P,15,AB，P，20.2-0201183930.zip,14,420.0,450.0,1.0,csv
915,P,15,AB，P，20.2-0201183930.zip,15,450.0,480.0,1.0,csv
916,P,15,AB，P，20.2-0201183930.zip,16,480.0,510.0,1.0,csv
917,P,15,AB，P，20.2-0201183930.zip,17,510.0,540.0,1.0,csv
918,P,15,AB，P，20.2-0201183930.zip,18,540.0,570.0,1.0,csv
919,P,15,AB，P，20.2-0201183930.zip,19,570.0,600.0,1.0,csv
920,P,15,AB，P，20组-0206173600(1).zip,0,0.0,30.0,1.0,csv
921,P,15,AB，P，20组-0206173600(1).zip,1,30.0,60.0,1.0,csv
922,P,15,AB，P，20组-0206173600(1).zip,2,60.0,90.0,1.0,csv
923,P,15,AB，P，20组-0206173600(1).zip,3,90.0,120.0,1.0,csv
924,P,15,AB，P，20组-0206173600(1).zip,4,120.0,150.0,1.0,csv
925,P,15,AB，P，20组-0206173600(1).zip,5,150.0,180.0,1.0,csv
926,P,15,AB，P，20组-0206173600(1).zip,6,180.0,210.0,1.0,csv
927,P,15,AB，P，20组-0206173600(1).zip,7,210.0,240.0,1.0,csv
928,P,15,AB，P，20组-0206173600(1).zip,8,240.0,270.0,1.0,csv
929,P,15,AB，P，20组-0206173600(1).zip,9,270.0,300.0,1.0,csv
930,P,15,AB，P，20组-0206173600(1).zip,10,300.0,330.0,1.0,csv
931,P,15,AB，P，20组-0206173600(1).zip,11,330.0,360.0,1.0,csv
932,P,15,AB，P，20组-0206173600(1).zip,12,360.0,390.0,1.0,csv
933,P,15,AB，P，20组-0206173600(1).zip,13,390.0,420.0,1.0,csv
934,P,15,AB，P，20组-0206173600(1).zip,14,420.0,450.0,1.0,csv
935,P,15,AB，P，20组-0206173600(1).zip,15,450.0,480.0,1.0,csv
936,P,15,AB，P，20组-0206173600(1).zip,16,480.0,510.0,1.0,csv
937,P,15,AB，P，20组-0206173600(1).zip,17,510.0,540.0,1.0,csv
938,P,15,AB，P，20组-0206173600(1).zip,18,540.0,570.0,1.0,csv
939,P,15,AB，P，20组-0206173600(1).zip,19,570.0,600.0,1.0,csv
940,Q,16,AB，Q，10.3-0201192025.zip,0,0.0,30.0,1.0,csv
941,Q,16,AB，Q，10.3-0201192025.zip,1,30.0,60.0,1.0,csv
942,Q,16,AB，Q，10.3-0201192025.zip,2,60.0,90.0,1.0,csv
943,Q,16,AB，Q，10.3-0201192025.zip,3,90.0,120.0,1.0,csv
944,Q,16,AB，Q，10.3-0201192025.zip,4,120.0,150.0,1.0,csv
945,Q,16,AB，Q，10.3-0201192025.zip,5,150.0,180.0,1.0,csv
946,Q,16,AB，Q，10.3-0201192025.zip,6,180.0,210.0,1.0,csv
947,Q,16,AB，Q，10.3-0201192025.zip,7,210.0,240.0,1.0,csv
948,Q,16,AB，Q，10.3-0201192025.zip,8,240.0,270.0,1.0,csv
949,Q,16,AB，Q，10.3-0201192025.zip,9,270.0,300.0,1.0,csv
950,Q,16,AB，Q，20.1-0201190033.zip,0,0.0,30.0,1.0,csv
951,Q,16,AB，Q，20.1-0201190033.zip,1,30.0,60.0,1.0,csv
952,Q,16,AB，Q，20.1-0201190033.zip,2,60.0,90.0,1.0,csv
953,Q,16,AB，Q，20.1-0201190033.zip,3,90.0,120.0,1.0,csv
954,Q,16,AB，Q，20.1-0201190033.zip,4,120.0,150.0,1.0,csv
955,Q,16,AB，Q，20.1-0201190033.zip,5,150.0,180.0,1.0,csv
956,Q,16,AB，Q，20.1-0201190033.zip,6,180.0,210.0,1.0,csv
957,Q,16,AB，Q，20.1-0201190033.zip,7,210.0,240.0,1.0,csv
958,Q,16,AB，Q，20.1-0201190033.zip,8,240.0,270.0,1.0,csv
959,Q,16,AB，Q，20.1-0201190033.zip,9,270.0,300.0,1.0,csv
960,Q,16,AB，Q，20.1-0201190033.zip,10,300.0,330.0,1.0,csv
961,Q,16,AB，Q，20.1-0201190033.zip,11,330.0,360.0,1.0,csv
962,Q,16,AB，Q，20.1-0201190033.zip,12,360.0,390.0,1.0,csv
963,Q,16,AB，Q，20.1-0201190033.zip,13,390.0,420.0,1.0,csv
964,Q,16,AB，Q，20.1-0201190033.zip,14,420.0,450.0,1.0,csv
965,Q,16,AB，Q，20.1-0201190033.zip,15,450.0,480.0,1.0,csv
966,Q,16,AB，Q，20.1-0201190033.zip,16,480.0,510.0,1.0,csv
967,Q,16,AB，Q，20.1-0201190033.zip,17,510.0,540.0,1.0,csv
968,Q,16,AB，Q，20.1-0201190033.zip,18,540.0,570.0,1.0,csv
969,Q,16,AB，Q，20.1-0201190033.zip,19,570.0,600.0,1.0,csv
970,Q,16,AB，Q，20.2-0201191325.zip,0,0.0,30.0,1.0,csv
971,Q,16,AB，Q，20.2-0201191325.zip,1,30.0,60.0,1.0,csv
972,Q,16,AB，Q，20.2-0201191325.zip,2,60.0,90.0,1.0,csv
973,Q,16,AB，Q，20.2-0201191325.zip,3,90.0,120.0,1.0,csv
974,Q,16,AB，Q，20.2-0201191325.zip,4,120.0,150.0,1.0,csv
975,Q,16,AB，Q，20.2-0201191325.zip,5,150.0,180.0,1.0,csv
976,Q,16,AB，Q，20.2-0201191325.zip,6,180.0,210.0,1.0,csv
977,Q,16,AB，Q，20.2-0201191325.zip,7,210.0,240.0,1.0,csv
978,Q,16,AB，Q，20.2-0201191325.zip,8,240.0,270.0,1.0,csv
979,Q,16,AB，Q，20.2-0201191325.zip,9,270.0,300.0,1.0,csv
980,Q,16,AB，Q，20.2-0201191325.zip,10,300.0,330.0,1.0,csv
981,Q,16,AB，Q，20.2-0201191325.zip,11,330.0,360.0,1.0,csv
982,Q,16,AB，Q，20.2-0201191325.zip,12,360.0,390.0,1.0,csv
983,Q,16,AB，Q，20.2-0201191325.zip,13,390.0,420.0,1.0,csv
984,Q,16,AB，Q，20.2-0201191325.zip,14,420.0,450.0,1.0,csv
985,Q,16,AB，Q，20.2-0201191325.zip,15,450.0,480.0,1.0,csv
986,Q,16,AB，Q，20.2-0201191325.zip,16,480.0,510.0,1.0,csv
987,Q,16,AB，Q，20.2-0201191325.zip,17,510.0,540.0,1.0,csv
988,Q,16,AB，Q，20.2-0201191325.zip,18,540.0,570.0,1.0,csv
989,Q,16,AB，Q，20.2-0201191325.zip,19,570.0,600.0,1.0,csv
990,R,17,AB，R，15.1-0201193432.zip,0,0.0,30.0,1.0,csv
991,R,17,AB，R，15.1-0201193432.zip,1,30.0,60.0,1.0,csv
992,R,17,AB，R，15.1-0201193432.zip,2,60.0,90.0,1.0,csv
993,R,17,AB，R，15.1-0201193432.zip,3,90.0,120.0,1.0,csv
994,R,17,AB，R，15.1-0201193432.zip,4,120.0,150.0,1.0,csv
995,R,17,AB，R，15.1-0201193432.zip,5,150.0,180.0,1.0,csv
996,R,17,AB，R，15.1-0201193432.zip,6,180.0,210.0,1.0,csv
997,R,17,AB，R，15.1-0201193432.zip,7,210.0,240.0,1.0,csv
998,R,17,AB，R，15.1-0201193432.zip,8,240.0,270.0,1.0,csv
999,R,17,AB，R，15.1-0201193432.zip,9,270.0,300.0,1.0,csv
1000,R,17,AB，R，15.1-0201193432.zip,10,300.0,330.0,1.0,csv
1001,R,17,AB，R，15.1-0201193432.zip,11,330.0,360.0,1.0,csv
1002,R,17,AB，R，15.1-0201193432.zip,12,360.0,390.0,1.0,csv
1003,R,17,AB，R，15.1-0201193432.zip,13,390.0,420.0,1.0,csv
1004,R,17,AB，R，15.1-0201193432.zip,14,420.0,450.0,1.0,csv
1005,R,17,AB，R，15.3-0201195620.zip,0,0.0,30.0,1.0,csv
1006,R,17,AB，R，15.3-0201195620.zip,1,30.0,60.0,1.0,csv
1007,R,17,AB，R，15.3-0201195620.zip,2,60.0,90.0,1.0,csv
1008,R,17,AB，R，15.3-0201195620.zip,3,90.0,120.0,1.0,csv
1009,R,17,AB，R，15.3-0201195620.zip,4,120.0,150.0,1.0,csv
1010,R,17,AB，R，15.3-0201195620.zip,5,150.0,180.0,1.0,csv
1011,R,17,AB，R，15.3-0201195620.zip,6,180.0,210.0,1.0,csv
1012,R,17,AB，R，15.3-0201195620.zip,7,210.0,240.0,1.0,csv
1013,R,17,AB，R，15.3-0201195620.zip,8,240.0,270.0,1.0,csv
1014,R,17,AB，R，15.3-0201195620.zip,9,270.0,300.0,1.0,csv
1015,R,17,AB，R，15.3-0201195620.zip,10,300.0,330.0,1.0,csv
1016,R,17,AB，R，15.3-0201195620.zip,11,330.0,360.0,1.0,csv
1017,R,17,AB，R，15.3-0201195620.zip,12,360.0,390.0,1.0,csv
1018,R,17,AB，R，15.3-0201195620.zip,13,390.0,420.0,1.0,csv
1019,R,17,AB，R，15.3-0201195620.zip,14,420.0,450.0,1.0,csv
1020,R,17,AB，R，20.2-0201194704.zip,0,0.0,30.0,1.0,csv
1021,R,17,AB，R，20.2-0201194704.zip,1,30.0,60.0,1.0,csv
1022,R,17,AB，R，20.2-0201194704.zip,2,60.0,90.0,1.0,csv
1023,R,17,AB，R，20.2-0201194704.zip,3,90.0,120.0,1.0,csv
1024,R,17,AB，R，20.2-0201194704.zip,4,120.0,150.0,1.0,csv
1025,R,17,AB，R，20.2-0201194704.zip,5,150.0,180.0,1.0,csv
1026,R,17,AB，R，20.2-0201194704.zip,6,180.0,210.0,1.0,csv
1027,R,17,AB，R，20.2-0201194704.zip,7,210.0,240.0,1.0,csv
1028,R,17,AB，R，20.2-0201194704.zip,8,240.0,270.0,1.0,csv
1029,R,17,AB，R，20.2-0201194704.zip,9,270.0,300.0,1.0,csv
1030,R,17,AB，R，20.2-0201194704.zip,10,300.0,330.0,1.0,csv
1031,R,17,AB，R，20.2-0201194704.zip,11,330.0,360.0,1.0,csv
1032,R,17,AB，R，20.2-0201194704.zip,12,360.0,390.0,1.0,csv
1033,R,17,AB，R，20.2-0201194704.zip,13,390.0,420.0,1.0,csv
1034,R,17,AB，R，20.2-0201194704.zip,14,420.0,450.0,1.0,csv
1035,R,17,AB，R，20.2-0201194704.zip,15,450.0,480.0,1.0,csv
1036,R,17,AB，R，20.2-0201194704.zip,16,480.0,510.0,1.0,csv
1037,R,17,AB，R，20.2-0201194704.zip,17,510.0,540.0,1.0,csv
1038,R,17,AB，R，20.2-0201194704.zip,18,540.0,570.0,1.0,csv
1039,R,17,AB，R，20.2-0201194704.zip,19,570.0,600.0,1.0,csv
1040,S,18,AB，S，11.3-0202145515.zip,0,0.0,30.0,1.0,csv
1041,S,18,AB，S，11.3-0202145515.zip,1,30.0,60.0,1.0,csv
1042,S,18,AB，S，11.3-0202145515.zip,2,60.0,90.0,1.0,csv
1043,S,18,AB，S，11.3-0202145515.zip,3,90.0,120.0,1.0,csv
1044,S,18,AB，S，11.3-0202145515.zip,4,120.0,150.0,1.0,csv
1045,S,18,AB，S，11.3-0202145515.zip,5,150.0,180.0,1.0,csv
1046,S,18,AB，S，11.3-0202145515.zip,6,180.0,210.0,1.0,csv
1047,S,18,AB，S，11.3-0202145515.zip,7,210.0,240.0,1.0,csv
1048,S,18,AB，S，11.3-0202145515.zip,8,240.0,270.0,1.0,csv
1049,S,18,AB，S，11.3-0202145515.zip,9,270.0,300.0,1.0,csv
1050,S,18,AB，S，11.3-0202145515.zip,10,300.0,330.0,1.0,csv
1051,S,18,AB，S，19.2-0202141828 (2).zip,0,0.0,30.0,1.0,xlsx
1052,S,18,AB，S，19.2-0202141828 (2).zip,1,30.0,60.0,1.0,xlsx
1053,S,18,AB，S，19.2-0202141828 (2).zip,2,60.0,90.0,1.0,xlsx
1054,S,18,AB，S，19.2-0202141828 (2).zip,3,90.0,120.0,1.0,xlsx
1055,S,18,AB，S，19.2-0202141828 (2).zip,4,120.0,150.0,1.0,xlsx
1056,S,18,AB，S，19.2-0202141828 (2).zip,5,150.0,180.0,1.0,xlsx
1057,S,18,AB，S，19.2-0202141828 (2).zip,6,180.0,210.0,1.0,xlsx
1058,S,18,AB，S，19.2-0202141828 (2).zip,7,210.0,240.0,1.0,xlsx
1059,S,18,AB，S，19.2-0202141828 (2).zip,8,240.0,270.0,1.0,xlsx
1060,S,18,AB，S，19.2-0202141828 (2).zip,9,270.0,300.0,1.0,xlsx
1061,S,18,AB，S，19.2-0202141828 (2).zip,10,300.0,330.0,1.0,xlsx
1062,S,18,AB，S，19.2-0202141828 (2).zip,11,330.0,360.0,1.0,xlsx
1063,S,18,AB，S，19.2-0202141828 (2).zip,12,360.0,390.0,1.0,xlsx
1064,S,18,AB，S，19.2-0202141828 (2).zip,13,390.0,420.0,1.0,xlsx
1065,S,18,AB，S，19.2-0202141828 (2).zip,14,420.0,450.0,1.0,xlsx
1066,S,18,AB，S，19.2-0202141828 (2).zip,15,450.0,480.0,1.0,xlsx
1067,S,18,AB，S，19.2-0202141828 (2).zip,16,480.0,510.0,1.0,xlsx
1068,S,18,AB，S，19.2-0202141828 (2).zip,17,510.0,540.0,1.0,xlsx
1069,S,18,AB，S，19.2-0202141828 (2).zip,18,540.0,570.0,1.0,xlsx
1070,S,18,AB，S，20.1-0202140311.zip,0,0.0,30.0,1.0,csv
1071,S,18,AB，S，20.1-0202140311.zip,1,30.0,60.0,1.0,csv
1072,S,18,AB，S，20.1-0202140311.zip,2,60.0,90.0,1.0,csv
1073,S,18,AB，S，20.1-0202140311.zip,3,90.0,120.0,1.0,csv
1074,S,18,AB，S，20.1-0202140311.zip,4,120.0,150.0,1.0,csv
1075,S,18,AB，S，20.1-0202140311.zip,5,150.0,180.0,1.0,csv
1076,S,18,AB，S，20.1-0202140311.zip,6,180.0,210.0,1.0,csv
1077,S,18,AB，S，20.1-0202140311.zip,7,210.0,240.0,1.0,csv
1078,S,18,AB，S，20.1-0202140311.zip,8,240.0,270.0,1.0,csv
1079,S,18,AB，S，20.1-0202140311.zip,9,270.0,300.0,1.0,csv
1080,S,18,AB，S，20.1-0202140311.zip,10,300.0,330.0,1.0,csv
1081,S,18,AB，S，20.1-0202140311.zip,11,330.0,360.0,1.0,csv
1082,S,18,AB，S，20.1-0202140311.zip,12,360.0,390.0,1.0,csv
1083,S,18,AB，S，20.1-0202140311.zip,13,390.0,420.0,1.0,csv
1084,S,18,AB，S，20.1-0202140311.zip,14,420.0,450.0,1.0,csv
1085,S,18,AB，S，20.1-0202140311.zip,15,450.0,480.0,1.0,csv
1086,S,18,AB，S，20.1-0202140311.zip,16,480.0,510.0,1.0,csv
1087,S,18,AB，S，20.1-0202140311.zip,17,510.0,540.0,1.0,csv
1088,S,18,AB，S，20.1-0202140311.zip,18,540.0,570.0,1.0,csv
1089,S,18,AB，S，20.1-0202140311.zip,19,570.0,600.0,1.0,csv
1090,T,19,AB，T，15.1-0202150456.zip,0,0.0,30.0,1.0,csv
1091,T,19,AB，T，15.1-0202150456.zip,1,30.0,60.0,1.0,csv
1092,T,19,AB，T，15.1-0202150456.zip,2,60.0,90.0,1.0,csv
1093,T,19,AB，T，15.1-0202150456.zip,3,90.0,120.0,1.0,csv
1094,T,19,AB，T，15.1-0202150456.zip,4,120.0,150.0,1.0,csv
1095,T,19,AB，T，15.1-0202150456.zip,5,150.0,180.0,1.0,csv
1096,T,19,AB，T，15.1-0202150456.zip,6,180.0,210.0,1.0,csv
1097,T,19,AB，T，15.1-0202150456.zip,7,210.0,240.0,1.0,csv
1098,T,19,AB，T，15.1-0202150456.zip,8,240.0,270.0,1.0,csv
1099,T,19,AB，T，15.1-0202150456.zip,9,270.0,300.0,1.0,csv
1100,T,19,AB，T，15.1-0202150456.zip,10,300.0,330.0,1.0,csv
1101,T,19,AB，T，15.1-0202150456.zip,11,330.0,360.0,1.0,csv
1102,T,19,AB，T，15.1-0202150456.zip,12,360.0,390.0,1.0,csv
1103,T,19,AB，T，15.1-0202150456.zip,13,390.0,420.0,1.0,csv
1104,T,19,AB，T，15.1-0202150456.zip,14,420.0,450.0,1.0,csv
1105,T,19,AB，T，15.3-0202153549.zip,0,0.0,30.0,1.0,csv
1106,T,19,AB，T，15.3-0202153549.zip,1,30.0,60.0,1.0,csv
1107,T,19,AB，T，15.3-0202153549.zip,2,60.0,90.0,1.0,csv
1108,T,19,AB，T，15.3-0202153549.zip,3,90.0,120.0,1.0,csv
1109,T,19,AB，T，15.3-0202153549.zip,4,120.0,150.0,1.0,csv
1110,T,19,AB，T，15.3-0202153549.zip,5,150.0,180.0,1.0,csv
1111,T,19,AB，T，15.3-0202153549.zip,6,180.0,210.0,1.0,csv
1112,T,19,AB，T，15.3-0202153549.zip,7,210.0,240.0,1.0,csv
1113,T,19,AB，T，15.3-0202153549.zip,8,240.0,270.0,1.0,csv
1114,T,19,AB，T，15.3-0202153549.zip,9,270.0,300.0,1.0,csv
1115,T,19,AB，T，15.3-0202153549.zip,10,300.0,330.0,1.0,csv
1116,T,19,AB，T，15.3-0202153549.zip,11,330.0,360.0,1.0,csv
1117,T,19,AB，T，15.3-0202153549.zip,12,360.0,390.0,1.0,csv
1118,T,19,AB，T，15.3-0202153549.zip,13,390.0,420.0,1.0,csv
1119,T,19,AB，T，15.3-0202153549.zip,14,420.0,450.0,1.0,csv
1120,T,19,AB，T，20.2-0202152552.zip,0,0.0,30.0,1.0,csv
1121,T,19,AB，T，20.2-0202152552.zip,1,30.0,60.0,1.0,csv
1122,T,19,AB，T，20.2-0202152552.zip,2,60.0,90.0,1.0,csv
1123,T,19,AB，T，20.2-0202152552.zip,3,90.0,120.0,1.0,csv
1124,T,19,AB，T，20.2-0202152552.zip,4,120.0,150.0,1.0,csv
1125,T,19,AB，T，20.2-0202152552.zip,5,150.0,180.0,1.0,csv
1126,T,19,AB，T，20.2-0202152552.zip,6,180.0,210.0,1.0,csv
1127,T,19,AB，T，20.2-0202152552.zip,7,210.0,240.0,1.0,csv
1128,T,19,AB，T，20.2-0202152552.zip,8,240.0,270.0,1.0,csv
1129,T,19,AB，T，20.2-0202152552.zip,9,270.0,300.0,1.0,csv
1130,T,19,AB，T，20.2-0202152552.zip,10,300.0,330.0,1.0,csv
1131,T,19,AB，T，20.2-0202152552.zip,11,330.0,360.0,1.0,csv
1132,T,19,AB，T，20.2-0202152552.zip,12,360.0,390.0,1.0,csv
1133,T,19,AB，T，20.2-0202152552.zip,13,390.0,420.0,1.0,csv
1134,T,19,AB，T，20.2-0202152552.zip,14,420.0,450.0,1.0,csv
1135,T,19,AB，T，20.2-0202152552.zip,15,450.0,480.0,1.0,csv
1136,T,19,AB，T，20.2-0202152552.zip,16,480.0,510.0,1.0,csv
1137,T,19,AB，T，20.2-0202152552.zip,17,510.0,540.0,1.0,csv
1138,T,19,AB，T，20.2-0202152552.zip,18,540.0,570.0,1.0,csv
1139,T,19,AB，T，20.2-0202152552.zip,19,570.0,600.0,1.0,csv
1140,T,19,AB，T，20组-0206183545(1).zip,0,0.0,30.0,1.0,csv
1141,T,19,AB，T，20组-0206183545(1).zip,1,30.0,60.0,1.0,csv
1142,T,19,AB，T，20组-0206183545(1).zip,2,60.0,90.0,1.0,csv
1143,T,19,AB，T，20组-0206183545(1).zip,3,90.0,120.0,1.0,csv
1144,T,19,AB，T，20组-0206183545(1).zip,4,120.0,150.0,1.0,csv
1145,T,19,AB，T，20组-0206183545(1).zip,5,150.0,180.0,1.0,csv
1146,T,19,AB，T，20组-0206183545(1).zip,6,180.0,210.0,1.0,csv
1147,T,19,AB，T，20组-0206183545(1).zip,7,210.0,240.0,1.0,csv
1148,T,19,AB，T，20组-0206183545(1).zip,8,240.0,270.0,1.0,csv
1149,T,19,AB，T，20组-0206183545(1).zip,9,270.0,300.0,1.0,csv
1150,T,19,AB，T，20组-0206183545(1).zip,10,300.0,330.0,1.0,csv
1151,T,19,AB，T，20组-0206183545(1).zip,11,330.0,360.0,1.0,csv
1152,T,19,AB，T，20组-0206183545(1).zip,12,360.0,390.0,1.0,csv
1153,T,19,AB，T，20组-0206183545(1).zip,13,390.0,420.0,1.0,csv
1154,T,19,AB，T，20组-0206183545(1).zip,14,420.0,450.0,1.0,csv
1155,T,19,AB，T，20组-0206183545(1).zip,15,450.0,480.0,1.0,csv
1156,T,19,AB，T，20组-0206183545(1).zip,16,480.0,510.0,1.0,csv
1157,T,19,AB，T，20组-0206183545(1).zip,17,510.0,540.0,1.0,csv
1158,T,19,AB，T，20组-0206183545(1).zip,18,540.0,570.0,1.0,csv
1159,T,19,AB，T，20组-0206183545(1).zip,19,570.0,600.0,1.0,csv
1160,U,20,AB，U，15.1-0202154920.zip,0,0.0,30.0,1.0,csv
1161,U,20,AB，U，15.1-0202154920.zip,1,30.0,60.0,1.0,csv
1162,U,20,AB，U，15.1-0202154920.zip,2,60.0,90.0,1.0,csv
1163,U,20,AB，U，15.1-0202154920.zip,3,90.0,120.0,1.0,csv
1164,U,20,AB，U，15.1-0202154920.zip,4,120.0,150.0,1.0,csv
1165,U,20,AB，U，15.1-0202154920.zip,5,150.0,180.0,1.0,csv
1166,U,20,AB，U，15.1-0202154920.zip,6,180.0,210.0,1.0,csv
1167,U,20,AB，U，15.1-0202154920.zip,7,210.0,240.0,1.0,csv
1168,U,20,AB，U，15.1-0202154920.zip,8,240.0,270.0,1.0,csv
1169,U,20,AB，U，15.1-0202154920.zip,9,270.0,300.0,1.0,csv
1170,U,20,AB，U，15.1-0202154920.zip,10,300.0,330.0,1.0,csv
1171,U,20,AB，U，15.1-0202154920.zip,11,330.0,360.0,1.0,csv
1172,U,20,AB，U，15.1-0202154920.zip,12,360.0,390.0,1.0,csv
1173,U,20,AB，U，15.1-0202154920.zip,13,390.0,420.0,1.0,csv
1174,U,20,AB，U，15.1-0202154920.zip,14,420.0,450.0,1.0,csv
1175,U,20,AB，U，15.3-0202161749.zip,0,0.0,30.0,1.0,csv
1176,U,20,AB，U，15.3-0202161749.zip,1,30.0,60.0,1.0,csv
1177,U,20,AB，U，15.3-0202161749.zip,2,60.0,90.0,1.0,csv
1178,U,20,AB，U，15.3-0202161749.zip,3,90.0,120.0,1.0,csv
1179,U,20,AB，U，15.3-0202161749.zip,4,120.0,150.0,1.0,csv
1180,U,20,AB，U，15.3-0202161749.zip,5,150.0,180.0,1.0,csv
1181,U,20,AB，U，15.3-0202161749.zip,6,180.0,210.0,1.0,csv
1182,U,20,AB，U，15.3-0202161749.zip,7,210.0,240.0,1.0,csv
1183,U,20,AB，U，15.3-0202161749.zip,8,240.0,270.0,1.0,csv
1184,U,20,AB，U，15.3-0202161749.zip,9,270.0,300.0,1.0,csv
1185,U,20,AB，U，15.3-0202161749.zip,10,300.0,330.0,1.0,csv
1186,U,20,AB，U，15.3-0202161749.zip,11,330.0,360.0,1.0,csv
1187,U,20,AB，U，15.3-0202161749.zip,12,360.0,390.0,1.0,csv
1188,U,20,AB，U，15.3-0202161749.zip,13,390.0,420.0,1.0,csv
1189,U,20,AB，U，15.3-0202161749.zip,14,420.0,450.0,1.0,csv
1190,U,20,AB，U，20.2-0202160128.zip,0,0.0,30.0,1.0,csv
1191,U,20,AB，U，20.2-0202160128.zip,1,30.0,60.0,1.0,csv
1192,U,20,AB，U，20.2-0202160128.zip,2,60.0,90.0,1.0,csv
1193,U,20,AB，U，20.2-0202160128.zip,3,90.0,120.0,1.0,csv
1194,U,20,AB，U，20.2-0202160128.zip,4,120.0,150.0,1.0,csv
1195,U,20,AB，U，20.2-0202160128.zip,5,150.0,180.0,1.0,csv
1196,U,20,AB，U，20.2-0202160128.zip,6,180.0,210.0,1.0,csv
1197,U,20,AB，U，20.2-0202160128.zip,7,210.0,240.0,1.0,csv
1198,U,20,AB，U，20.2-0202160128.zip,8,240.0,270.0,1.0,csv
1199,U,20,AB，U，20.2-0202160128.zip,9,270.0,300.0,1.0,csv
1200,U,20,AB，U，20.2-0202160128.zip,10,300.0,330.0,1.0,csv
1201,U,20,AB，U，20.2-0202160128.zip,11,330.0,360.0,1.0,csv
1202,U,20,AB，U，20.2-0202160128.zip,12,360.0,390.0,1.0,csv
1203,U,20,AB，U，20.2-0202160128.zip,13,390.0,420.0,1.0,csv
1204,U,20,AB，U，20.2-0202160128.zip,14,420.0,450.0,1.0,csv
1205,U,20,AB，U，20.2-0202160128.zip,15,450.0,480.0,1.0,csv
1206,U,20,AB，U，20.2-0202160128.zip,16,480.0,510.0,1.0,csv
1207,U,20,AB，U，20.2-0202160128.zip,17,510.0,540.0,1.0,csv
1208,U,20,AB，U，20.2-0202160128.zip,18,540.0,570.0,1.0,csv
1209,U,20,AB，U，20.2-0202160128.zip,19,570.0,600.0,1.0,csv
1210,V,21,AB，V，15.1-0202163913.zip,0,0.0,30.0,1.0,csv
1211,V,21,AB，V，15.1-0202163913.zip,1,30.0,60.0,1.0,csv
1212,V,21,AB，V，15.1-0202163913.zip,2,60.0,90.0,1.0,csv
1213,V,21,AB，V，15.1-0202163913.zip,3,90.0,120.0,1.0,csv
1214,V,21,AB，V，15.1-0202163913.zip,4,120.0,150.0,1.0,csv
1215,V,21,AB，V，15.1-0202163913.zip,5,150.0,180.0,1.0,csv
1216,V,21,AB，V，15.1-0202163913.zip,6,180.0,210.0,1.0,csv
1217,V,21,AB，V，15.1-0202163913.zip,7,210.0,240.0,1.0,csv
1218,V,21,AB，V，15.1-0202163913.zip,8,240.0,270.0,1.0,csv
1219,V,21,AB，V，15.1-0202163913.zip,9,270.0,300.0,1.0,csv
1220,V,21,AB，V，15.1-0202163913.zip,10,300.0,330.0,1.0,csv
1221,V,21,AB，V，15.1-0202163913.zip,11,330.0,360.0,1.0,csv
1222,V,21,AB，V，15.1-0202163913.zip,12,360.0,390.0,1.0,csv
1223,V,21,AB，V，15.1-0202163913.zip,13,390.0,420.0,1.0,csv
1224,V,21,AB，V，15.1-0202163913.zip,14,420.0,450.0,1.0,csv
1225,V,21,AB，V，15.3-0202170133.zip,0,0.0,30.0,1.0,csv
1226,V,21,AB，V，15.3-0202170133.zip,1,30.0,60.0,1.0,csv
1227,V,21,AB，V，15.3-0202170133.zip,2,60.0,90.0,1.0,csv
1228,V,21,AB，V，15.3-0202170133.zip,3,90.0,120.0,1.0,csv
1229,V,21,AB，V，15.3-0202170133.zip,4,120.0,150.0,1.0,csv
1230,V,21,AB，V，15.3-0202170133.zip,5,150.0,180.0,1.0,csv
1231,V,21,AB，V，15.3-0202170133.zip,6,180.0,210.0,1.0,csv
1232,V,21,AB，V，15.3-0202170133.zip,7,210.0,240.0,1.0,csv
1233,V,21,AB，V，15.3-0202170133.zip,8,240.0,270.0,1.0,csv
1234,V,21,AB，V，15.3-0202170133.zip,9,270.0,300.0,1.0,csv
1235,V,21,AB，V，15.3-0202170133.zip,10,300.0,330.0,1.0,csv
1236,V,21,AB，V，15.3-0202170133.zip,11,330.0,360.0,1.0,csv
1237,V,21,AB，V，15.3-0202170133.zip,12,360.0,390.0,1.0,csv
1238,V,21,AB，V，15.3-0202170133.zip,13,390.0,420.0,1.0,csv
1239,V,21,AB，V，15.3-0202170133.zip,14,420.0,450.0,1.0,csv
1240,V,21,AB，V，20.2-0202165106.zip,0,0.0,30.0,1.0,csv
1241,V,21,AB，V，20.2-0202165106.zip,1,30.0,60.0,1.0,csv
1242,V,21,AB，V，20.2-0202165106.zip,2,60.0,90.0,1.0,csv
1243,V,21,AB，V，20.2-0202165106.zip,3,90.0,120.0,1.0,csv
1244,V,21,AB，V，20.2-0202165106.zip,4,120.0,150.0,1.0,csv
1245,V,21,AB，V，20.2-0202165106.zip,5,150.0,180.0,1.0,csv
1246,V,21,AB，V，20.2-0202165106.zip,6,180.0,210.0,1.0,csv
1247,V,21,AB，V，20.2-0202165106.zip,7,210.0,240.0,1.0,csv
1248,V,21,AB，V，20.2-0202165106.zip,8,240.0,270.0,1.0,csv
1249,V,21,AB，V，20.2-0202165106.zip,9,270.0,300.0,1.0,csv
1250,V,21,AB，V，20.2-0202165106.zip,10,300.0,330.0,1.0,csv
1251,V,21,AB，V，20.2-0202165106.zip,11,330.0,360.0,1.0,csv
1252,V,21,AB，V，20.2-0202165106.zip,12,360.0,390.0,1.0,csv
1253,V,21,AB，V，20.2-0202165106.zip,13,390.0,420.0,1.0,csv
1254,V,21,AB，V，20.2-0202165106.zip,14,420.0,450.0,1.0,csv
1255,V,21,AB，V，20.2-0202165106.zip,15,450.0,480.0,1.0,csv
1256,V,21,AB，V，20.2-0202165106.zip,16,480.0,510.0,1.0,csv
1257,V,21,AB，V，20.2-0202165106.zip,17,510.0,540.0,1.0,csv
1258,V,21,AB，V，20.2-0202165106.zip,18,540.0,570.0,1.0,csv
1259,V,21,AB，V，20.2-0202165106.zip,19,570.0,600.0,1.0,csv
1260,V,21,AB，V，20组-0206191108(2).zip,0,0.0,30.0,1.0,csv
1261,V,21,AB，V，20组-0206191108(2).zip,1,30.0,60.0,1.0,csv
1262,V,21,AB，V，20组-0206191108(2).zip,2,60.0,90.0,1.0,csv
1263,V,21,AB，V，20组-0206191108(2).zip,3,90.0,120.0,1.0,csv
1264,V,21,AB，V，20组-0206191108(2).zip,4,120.0,150.0,1.0,csv
1265,V,21,AB，V，20组-0206191108(2).zip,5,150.0,180.0,1.0,csv
1266,V,21,AB，V，20组-0206191108(2).zip,6,180.0,210.0,1.0,csv
1267,V,21,AB，V，20组-0206191108(2).zip,7,210.0,240.0,1.0,csv
1268,V,21,AB，V，20组-0206191108(2).zip,8,240.0,270.0,1.0,csv
1269,V,21,AB，V，20组-0206191108(2).zip,9,270.0,300.0,1.0,csv
1270,V,21,AB，V，20组-0206191108(2).zip,10,300.0,330.0,1.0,csv
1271,V,21,AB，V，20组-0206191108(2).zip,11,330.0,360.0,1.0,csv
1272,V,21,AB，V，20组-0206191108(2).zip,12,360.0,390.0,1.0,csv
1273,V,21,AB，V，20组-0206191108(2).zip,13,390.0,420.0,1.0,csv
1274,V,21,AB，V，20组-0206191108(2).zip,14,420.0,450.0,1.0,csv
1275,V,21,AB，V，20组-0206191108(2).zip,15,450.0,480.0,1.0,csv
1276,V,21,AB，V，20组-0206191108(2).zip,16,480.0,510.0,1.0,csv
1277,V,21,AB，V，20组-0206191108(2).zip,17,510.0,540.0,1.0,csv
1278,V,21,AB，V，20组-0206191108(2).zip,18,540.0,570.0,1.0,csv
1279,V,21,AB，V，20组-0206191108(2).zip,19,570.0,600.0,1.0,csv
1280,W,22,AB，W，15.1-0203153639.zip,0,0.0,30.0,1.0,csv
1281,W,22,AB，W，15.1-0203153639.zip,1,30.0,60.0,1.0,csv
1282,W,22,AB，W，15.1-0203153639.zip,2,60.0,90.0,1.0,csv
1283,W,22,AB，W，15.1-0203153639.zip,3,90.0,120.0,1.0,csv
1284,W,22,AB，W，15.1-0203153639.zip,4,120.0,150.0,1.0,csv
1285,W,22,AB，W，15.1-0203153639.zip,5,150.0,180.0,1.0,csv
1286,W,22,AB，W，15.1-0203153639.zip,6,180.0,210.0,1.0,csv
1287,W,22,AB，W，15.1-0203153639.zip,7,210.0,240.0,1.0,csv
1288,W,22,AB，W，15.1-0203153639.zip,8,240.0,270.0,1.0,csv
1289,W,22,AB，W，15.1-0203153639.zip,9,270.0,300.0,1.0,csv
1290,W,22,AB，W，15.1-0203153639.zip,10,300.0,330.0,1.0,csv
1291,W,22,AB，W，15.1-0203153639.zip,11,330.0,360.0,1.0,csv
1292,W,22,AB，W，15.1-0203153639.zip,12,360.0,390.0,1.0,csv
1293,W,22,AB，W，15.1-0203153639.zip,13,390.0,420.0,1.0,csv
1294,W,22,AB，W，15.1-0203153639.zip,14,420.0,450.0,1.0,csv
1295,W,22,AB，W，15.3-0203161337.zip,0,0.0,30.0,1.0,csv
1296,W,22,AB，W，15.3-0203161337.zip,1,30.0,60.0,1.0,csv
1297,W,22,AB，W，15.3-0203161337.zip,2,60.0,90.0,1.0,csv
1298,W,22,AB，W，15.3-0203161337.zip,3,90.0,120.0,1.0,csv
1299,W,22,AB，W，15.3-0203161337.zip,4,120.0,150.0,1.0,csv
1300,W,22,AB，W，15.3-0203161337.zip,5,150.0,180.0,1.0,csv
1301,W,22,AB，W，15.3-0203161337.zip,6,180.0,210.0,1.0,csv
1302,W,22,AB，W，15.3-0203161337.zip,7,210.0,240.0,1.0,csv
1303,W,22,AB，W，15.3-0203161337.zip,8,240.0,270.0,1.0,csv
1304,W,22,AB，W，15.3-0203161337.zip,9,270.0,300.0,1.0,csv
1305,W,22,AB，W，15.3-0203161337.zip,10,300.0,330.0,1.0,csv
1306,W,22,AB，W，15.3-0203161337.zip,11,330.0,360.0,1.0,csv
1307,W,22,AB，W，15.3-0203161337.zip,12,360.0,390.0,1.0,csv
1308,W,22,AB，W，15.3-0203161337.zip,13,390.0,420.0,1.0,csv
1309,W,22,AB，W，15.3-0203161337.zip,14,420.0,450.0,1.0,csv
1310,W,22,AB，W，20.2-0203160013.zip,0,0.0,30.0,1.0,csv
1311,W,22,AB，W，20.2-0203160013.zip,1,30.0,60.0,1.0,csv
1312,W,22,AB，W，20.2-0203160013.zip,2,60.0,90.0,1.0,csv
1313,W,22,AB，W，20.2-0203160013.zip,3,90.0,120.0,1.0,csv
1314,W,22,AB，W，20.2-0203160013.zip,4,120.0,150.0,1.0,csv
1315,W,22,AB，W，20.2-0203160013.zip,5,150.0,180.0,1.0,csv
1316,W,22,AB，W，20.2-0203160013.zip,6,180.0,210.0,1.0,csv
1317,W,22,AB，W，20.2-0203160013.zip,7,210.0,240.0,1.0,csv
1318,W,22,AB，W，20.2-0203160013.zip,8,240.0,270.0,1.0,csv
1319,W,22,AB，W，20.2-0203160013.zip,9,270.0,300.0,1.0,csv
1320,W,22,AB，W，20.2-0203160013.zip,10,300.0,330.0,1.0,csv
1321,W,22,AB，W，20.2-0203160013.zip,11,330.0,360.0,1.0,csv
1322,W,22,AB，W，20.2-0203160013.zip,12,360.0,390.0,1.0,csv
1323,W,22,AB，W，20.2-0203160013.zip,13,390.0,420.0,1.0,csv
1324,W,22,AB，W，20.2-0203160013.zip,14,420.0,450.0,1.0,csv
1325,W,22,AB，W，20.2-0203160013.zip,15,450.0,480.0,1.0,csv
1326,W,22,AB，W，20.2-0203160013.zip,16,480.0,510.0,1.0,csv
1327,W,22,AB，W，20.2-0203160013.zip,17,510.0,540.0,1.0,csv
1328,W,22,AB，W，20.2-0203160013.zip,18,540.0,570.0,1.0,csv
1329,W,22,AB，W，20.2-0203160013.zip,19,570.0,600.0,1.0,csv
1330,X,23,AB，X，15.1-0203162459.zip,0,0.0,30.0,1.0,csv
1331,X,23,AB，X，15.1-0203162459.zip,1,30.0,60.0,1.0,csv
1332,X,23,AB，X，15.1-0203162459.zip,2,60.0,90.0,1.0,csv
1333,X,23,AB，X，15.1-0203162459.zip,3,90.0,120.0,1.0,csv
1334,X,23,AB，X，15.1-0203162459.zip,4,120.0,150.0,1.0,csv
1335,X,23,AB，X，15.1-0203162459.zip,5,150.0,180.0,1.0,csv
1336,X,23,AB，X，15.1-0203162459.zip,6,180.0,210.0,1.0,csv
1337,X,23,AB，X，15.1-0203162459.zip,7,210.0,240.0,1.0,csv
1338,X,23,AB，X，15.1-0203162459.zip,8,240.0,270.0,1.0,csv
1339,X,23,AB，X，15.1-0203162459.zip,9,270.0,300.0,1.0,csv
1340,X,23,AB，X，15.1-0203162459.zip,10,300.0,330.0,1.0,csv
1341,X,23,AB，X，15.1-0203162459.zip,11,330.0,360.0,1.0,csv
1342,X,23,AB，X，15.1-0203162459.zip,12,360.0,390.0,1.0,csv
1343,X,23,AB，X，15.1-0203162459.zip,13,390.0,420.0,1.0,csv
1344,X,23,AB，X，15.1-0203162459.zip,14,420.0,450.0,1.0,csv
1345,X,23,AB，X，15.3-0203164722.zip,0,0.0,30.0,1.0,csv
1346,X,23,AB，X，15.3-0203164722.zip,1,30.0,60.0,1.0,csv
1347,X,23,AB，X，15.3-0203164722.zip,2,60.0,90.0,1.0,csv
1348,X,23,AB，X，15.3-0203164722.zip,3,90.0,120.0,1.0,csv
1349,X,23,AB，X，15.3-0203164722.zip,4,120.0,150.0,1.0,csv
1350,X,23,AB，X，15.3-0203164722.zip,5,150.0,180.0,1.0,csv
1351,X,23,AB，X，15.3-0203164722.zip,6,180.0,210.0,1.0,csv
1352,X,23,AB，X，15.3-0203164722.zip,7,210.0,240.0,1.0,csv
1353,X,23,AB，X，15.3-0203164722.zip,8,240.0,270.0,1.0,csv
1354,X,23,AB，X，15.3-0203164722.zip,9,270.0,300.0,1.0,csv
1355,X,23,AB，X，15.3-0203164722.zip,10,300.0,330.0,1.0,csv
1356,X,23,AB，X，15.3-0203164722.zip,11,330.0,360.0,1.0,csv
1357,X,23,AB，X，15.3-0203164722.zip,12,360.0,390.0,1.0,csv
1358,X,23,AB，X，15.3-0203164722.zip,13,390.0,420.0,1.0,csv
1359,X,23,AB，X，15.3-0203164722.zip,14,420.0,450.0,1.0,csv
1360,X,23,AB，X，20.2-0203163833.zip,0,0.0,30.0,1.0,csv
1361,X,23,AB，X，20.2-0203163833.zip,1,30.0,60.0,1.0,csv
1362,X,23,AB，X，20.2-0203163833.zip,2,60.0,90.0,1.0,csv
1363,X,23,AB，X，20.2-0203163833.zip,3,90.0,120.0,1.0,csv
1364,X,23,AB，X，20.2-0203163833.zip,4,120.0,150.0,1.0,csv
1365,X,23,AB，X，20.2-0203163833.zip,5,150.0,180.0,1.0,csv
1366,X,23,AB，X，20.2-0203163833.zip,6,180.0,210.0,1.0,csv
1367,X,23,AB，X，20.2-0203163833.zip,7,210.0,240.0,1.0,csv
1368,X,23,AB，X，20.2-0203163833.zip,8,240.0,270.0,1.0,csv
1369,X,23,AB，X，20.2-0203163833.zip,9,270.0,300.0,1.0,csv
1370,X,23,AB，X，20.2-0203163833.zip,10,300.0,330.0,1.0,csv
1371,X,23,AB，X，20.2-0203163833.zip,11,330.0,360.0,1.0,csv
1372,X,23,AB，X，20.2-0203163833.zip,12,360.0,390.0,1.0,csv
1373,X,23,AB，X，20.2-0203163833.zip,13,390.0,420.0,1.0,csv
1374,X,23,AB，X，20.2-0203163833.zip,14,420.0,450.0,1.0,csv
1375,X,23,AB，X，20.2-0203163833.zip,15,450.0,480.0,1.0,csv
1376,X,23,AB，X，20.2-0203163833.zip,16,480.0,510.0,1.0,csv
1377,X,23,AB，X，20.2-0203163833.zip,17,510.0,540.0,1.0,csv
1378,X,23,AB，X，20.2-0203163833.zip,18,540.0,570.0,1.0,csv
1379,X,23,AB，X，20.2-0203163833.zip,19,570.0,600.0,1.0,csv
1380,Y,24,AB，Y，10.3-0203173328.zip,0,0.0,30.0,0.9967320261437909,csv
1381,Y,24,AB，Y，10.3-0203173328.zip,1,30.0,60.0,1.0,csv
1382,Y,24,AB，Y，10.3-0203173328.zip,2,60.0,90.0,1.0,csv
1383,Y,24,AB，Y，10.3-0203173328.zip,3,90.0,120.0,1.0,csv
1384,Y,24,AB，Y，10.3-0203173328.zip,4,120.0,150.0,1.0,csv
1385,Y,24,AB，Y，10.3-0203173328.zip,5,150.0,180.0,1.0,csv
1386,Y,24,AB，Y，10.3-0203173328.zip,6,180.0,210.0,1.0,csv
1387,Y,24,AB，Y，10.3-0203173328.zip,7,210.0,240.0,1.0,csv
1388,Y,24,AB，Y，10.3-0203173328.zip,8,240.0,270.0,1.0,csv
1389,Y,24,AB，Y，10.3-0203173328.zip,9,270.0,300.0,1.0,csv
1390,Y,24,AB，Y，20.1-0203170221.zip,0,0.0,30.0,1.0,csv
1391,Y,24,AB，Y，20.1-0203170221.zip,1,30.0,60.0,1.0,csv
1392,Y,24,AB，Y，20.1-0203170221.zip,2,60.0,90.0,1.0,csv
1393,Y,24,AB，Y，20.1-0203170221.zip,3,90.0,120.0,1.0,csv
1394,Y,24,AB，Y，20.1-0203170221.zip,4,120.0,150.0,1.0,csv
1395,Y,24,AB，Y，20.1-0203170221.zip,5,150.0,180.0,1.0,csv
1396,Y,24,AB，Y，20.1-0203170221.zip,6,180.0,210.0,1.0,csv
1397,Y,24,AB，Y，20.1-0203170221.zip,7,210.0,240.0,1.0,csv
1398,Y,24,AB，Y，20.1-0203170221.zip,8,240.0,270.0,1.0,csv
1399,Y,24,AB，Y，20.1-0203170221.zip,9,270.0,300.0,1.0,csv
1400,Y,24,AB，Y，20.1-0203170221.zip,10,300.0,330.0,1.0,csv
1401,Y,24,AB，Y，20.1-0203170221.zip,11,330.0,360.0,1.0,csv
1402,Y,24,AB，Y，20.1-0203170221.zip,12,360.0,390.0,1.0,csv
1403,Y,24,AB，Y，20.1-0203170221.zip,13,390.0,420.0,1.0,csv
1404,Y,24,AB，Y，20.1-0203170221.zip,14,420.0,450.0,1.0,csv
1405,Y,24,AB，Y，20.1-0203170221.zip,15,450.0,480.0,1.0,csv
1406,Y,24,AB，Y，20.1-0203170221.zip,16,480.0,510.0,1.0,csv
1407,Y,24,AB，Y，20.1-0203170221.zip,17,510.0,540.0,1.0,csv
1408,Y,24,AB，Y，20.1-0203170221.zip,18,540.0,570.0,1.0,csv
1409,Y,24,AB，Y，20.1-0203170221.zip,19,570.0,600.0,1.0,csv
1410,Y,24,AB，Y，20.2-0203171510.zip,0,0.0,30.0,1.0,csv
1411,Y,24,AB，Y，20.2-0203171510.zip,1,30.0,60.0,1.0,csv
1412,Y,24,AB，Y，20.2-0203171510.zip,2,60.0,90.0,1.0,csv
1413,Y,24,AB，Y，20.2-0203171510.zip,3,90.0,120.0,1.0,csv
1414,Y,24,AB，Y，20.2-0203171510.zip,4,120.0,150.0,1.0,csv
1415,Y,24,AB，Y，20.2-0203171510.zip,5,150.0,180.0,1.0,csv
1416,Y,24,AB，Y，20.2-0203171510.zip,6,180.0,210.0,1.0,csv
1417,Y,24,AB，Y，20.2-0203171510.zip,7,210.0,240.0,1.0,csv
1418,Y,24,AB，Y，20.2-0203171510.zip,8,240.0,270.0,1.0,csv
1419,Y,24,AB，Y，20.2-0203171510.zip,9,270.0,300.0,1.0,csv
1420,Y,24,AB，Y，20.2-0203171510.zip,10,300.0,330.0,1.0,csv
1421,Y,24,AB，Y，20.2-0203171510.zip,11,330.0,360.0,1.0,csv
1422,Y,24,AB，Y，20.2-0203171510.zip,12,360.0,390.0,1.0,csv
1423,Y,24,AB，Y，20.2-0203171510.zip,13,390.0,420.0,1.0,csv
1424,Y,24,AB，Y，20.2-0203171510.zip,14,420.0,450.0,1.0,csv
1425,Y,24,AB，Y，20.2-0203171510.zip,15,450.0,480.0,1.0,csv
1426,Y,24,AB，Y，20.2-0203171510.zip,16,480.0,510.0,1.0,csv
1427,Y,24,AB，Y，20.2-0203171510.zip,17,510.0,540.0,1.0,csv
1428,Y,24,AB，Y，20.2-0203171510.zip,18,540.0,570.0,1.0,csv
1429,Y,24,AB，Y，20.2-0203171510.zip,19,570.0,600.0,1.0,csv
1430,Z,25,AB，Z，15.1-0203174638.zip,0,0.0,30.0,1.0,csv
1431,Z,25,AB，Z，15.1-0203174638.zip,1,30.0,60.0,1.0,csv
1432,Z,25,AB，Z，15.1-0203174638.zip,2,60.0,90.0,1.0,csv
1433,Z,25,AB，Z，15.1-0203174638.zip,3,90.0,120.0,1.0,csv
1434,Z,25,AB，Z，15.1-0203174638.zip,4,120.0,150.0,1.0,csv
1435,Z,25,AB，Z，15.1-0203174638.zip,5,150.0,180.0,1.0,csv
1436,Z,25,AB，Z，15.1-0203174638.zip,6,180.0,210.0,1.0,csv
1437,Z,25,AB，Z，15.1-0203174638.zip,7,210.0,240.0,1.0,csv
1438,Z,25,AB，Z，15.1-0203174638.zip,8,240.0,270.0,1.0,csv
1439,Z,25,AB，Z，15.1-0203174638.zip,9,270.0,300.0,1.0,csv
1440,Z,25,AB，Z，15.1-0203174638.zip,10,300.0,330.0,1.0,csv
1441,Z,25,AB，Z，15.1-0203174638.zip,11,330.0,360.0,1.0,csv
1442,Z,25,AB，Z，15.1-0203174638.zip,12,360.0,390.0,1.0,csv
1443,Z,25,AB，Z，15.1-0203174638.zip,13,390.0,420.0,1.0,csv
1444,Z,25,AB，Z，15.1-0203174638.zip,14,420.0,450.0,1.0,csv
1445,Z,25,AB，Z，15.3-0203184516.zip,0,0.0,30.0,1.0,csv
1446,Z,25,AB，Z，15.3-0203184516.zip,1,30.0,60.0,1.0,csv
1447,Z,25,AB，Z，15.3-0203184516.zip,2,60.0,90.0,1.0,csv
1448,Z,25,AB，Z，15.3-0203184516.zip,3,90.0,120.0,1.0,csv
1449,Z,25,AB，Z，15.3-0203184516.zip,4,120.0,150.0,1.0,csv
1450,Z,25,AB，Z，15.3-0203184516.zip,5,150.0,180.0,1.0,csv
1451,Z,25,AB，Z，15.3-0203184516.zip,6,180.0,210.0,1.0,csv
1452,Z,25,AB，Z，15.3-0203184516.zip,7,210.0,240.0,1.0,csv
1453,Z,25,AB，Z，15.3-0203184516.zip,8,240.0,270.0,1.0,csv
1454,Z,25,AB，Z，15.3-0203184516.zip,9,270.0,300.0,1.0,csv
1455,Z,25,AB，Z，15.3-0203184516.zip,10,300.0,330.0,1.0,csv
1456,Z,25,AB，Z，15.3-0203184516.zip,11,330.0,360.0,1.0,csv
1457,Z,25,AB，Z，15.3-0203184516.zip,12,360.0,390.0,1.0,csv
1458,Z,25,AB，Z，15.3-0203184516.zip,13,390.0,420.0,1.0,csv
1459,Z,25,AB，Z，15.3-0203184516.zip,14,420.0,450.0,1.0,csv
1460,Z,25,AB，Z，20.2-0203175900.zip,0,0.0,30.0,1.0,csv
1461,Z,25,AB，Z，20.2-0203175900.zip,1,30.0,60.0,1.0,csv
1462,Z,25,AB，Z，20.2-0203175900.zip,2,60.0,90.0,1.0,csv
1463,Z,25,AB，Z，20.2-0203175900.zip,3,90.0,120.0,1.0,csv
1464,Z,25,AB，Z，20.2-0203175900.zip,4,120.0,150.0,1.0,csv
1465,Z,25,AB，Z，20.2-0203175900.zip,5,150.0,180.0,1.0,csv
1466,Z,25,AB，Z，20.2-0203175900.zip,6,180.0,210.0,1.0,csv
1467,Z,25,AB，Z，20.2-0203175900.zip,7,210.0,240.0,1.0,csv
1468,Z,25,AB，Z，20.2-0203175900.zip,8,240.0,270.0,1.0,csv
1469,Z,25,AB，Z，20.2-0203175900.zip,9,270.0,300.0,1.0,csv
1470,Z,25,AB，Z，20.2-0203175900.zip,10,300.0,330.0,1.0,csv
1471,Z,25,AB，Z，20.2-0203175900.zip,11,330.0,360.0,1.0,csv
1472,Z,25,AB，Z，20.2-0203175900.zip,12,360.0,390.0,1.0,csv
1473,Z,25,AB，Z，20.2-0203175900.zip,13,390.0,420.0,1.0,csv
1474,Z,25,AB，Z，20.2-0203175900.zip,14,420.0,450.0,1.0,csv
1475,Z,25,AB，Z，20.2-0203175900.zip,15,450.0,480.0,1.0,csv
1476,Z,25,AB，Z，20.2-0203175900.zip,16,480.0,510.0,1.0,csv
1477,Z,25,AB，Z，20.2-0203175900.zip,17,510.0,540.0,1.0,csv
1478,Z,25,AB，Z，20.2-0203175900.zip,18,540.0,570.0,1.0,csv
1479,Z,25,AB，Z，20.2-0203175900.zip,19,570.0,600.0,1.0,csv
