"relative_path","size_bytes","last_write_time"
"D:\huxi\morse_train\best_results_summary_20260304\01_letters_best\artifacts_delivery_final\confusion_matrix.csv","1484","2026-03-01 15:47:56"
"D:\huxi\morse_train\best_results_summary_20260304\01_letters_best\artifacts_delivery_final\figures\accuracy_curve.png","113899","2026-03-01 18:06:56"
"D:\huxi\morse_train\best_results_summary_20260304\01_letters_best\artifacts_delivery_final\figures\confusion_matrix.png","60567","2026-03-01 18:06:56"
"D:\huxi\morse_train\best_results_summary_20260304\01_letters_best\artifacts_delivery_final\figures\confusion_matrix_normalized.png","98396","2026-03-01 18:06:57"
"D:\huxi\morse_train\best_results_summary_20260304\01_letters_best\artifacts_delivery_final\figures\loss_curve.png","92575","2026-03-01 18:06:56"
"D:\huxi\morse_train\best_results_summary_20260304\01_letters_best\artifacts_delivery_final\figures\val_macro_f1_curve.png","56415","2026-03-01 18:06:56"
"D:\huxi\morse_train\best_results_summary_20260304\01_letters_best\artifacts_delivery_final\label_map.json","305","2026-03-01 15:47:55"
"D:\huxi\morse_train\best_results_summary_20260304\01_letters_best\artifacts_delivery_final\metrics.json","1273","2026-03-01 15:47:55"
"D:\huxi\morse_train\best_results_summary_20260304\01_letters_best\artifacts_delivery_final\morse_char_model.pt","1201613","2026-03-01 15:47:56"
"D:\huxi\morse_train\best_results_summary_20260304\01_letters_best\artifacts_delivery_final\report.html","10746","2026-03-01 15:47:55"
"D:\huxi\morse_train\best_results_summary_20260304\01_letters_best\artifacts_delivery_final\train_config.json","579","2026-03-01 15:47:56"
"D:\huxi\morse_train\best_results_summary_20260304\01_letters_best\artifacts_delivery_final\train_history.csv","11838","2026-03-01 15:47:56"
"D:\huxi\morse_train\best_results_summary_20260304\01_letters_best\predictions_delivery_final_lex\decoding_summary.csv","1412","2026-03-01 15:47:57"
"D:\huxi\morse_train\best_results_summary_20260304\01_letters_best\predictions_delivery_final_lex\figures\AB，EAT，1组-0206191606(2)_prediction.png","144085","2026-03-01 18:06:57"
"D:\huxi\morse_train\best_results_summary_20260304\01_letters_best\predictions_delivery_final_lex\figures\AB，help me，1组-0205183330(2)_prediction.png","172823","2026-03-01 18:06:57"
"D:\huxi\morse_train\best_results_summary_20260304\01_letters_best\predictions_delivery_final_lex\figures\AB，Help me，1组-0206134245(2)_prediction.png","166062","2026-03-01 18:06:57"
"D:\huxi\morse_train\best_results_summary_20260304\01_letters_best\predictions_delivery_final_lex\figures\AB，help me，每个字母隔5s，1组-0206134739(2)_prediction.png","168989","2026-03-01 18:06:57"
"D:\huxi\morse_train\best_results_summary_20260304\01_letters_best\predictions_delivery_final_lex\figures\AB，help me，连续一组-0205183000(2)_prediction.png","190820","2026-03-01 18:06:57"
"D:\huxi\morse_train\best_results_summary_20260304\01_letters_best\predictions_delivery_final_lex\figures\AB，HELP，1组-0206191411(2)_prediction.png","173972","2026-03-01 18:06:57"
"D:\huxi\morse_train\best_results_summary_20260304\01_letters_best\predictions_delivery_final_lex\figures\AB，MOVE，1组-0206191833(2)_prediction.png","163076","2026-03-01 18:06:57"
"D:\huxi\morse_train\best_results_summary_20260304\02_digits_best\digit_task_20260301_new69_cuda\best_run.json","1207","2026-03-01 19:34:30"
"D:\huxi\morse_train\best_results_summary_20260304\02_digits_best\digit_task_20260301_new69_cuda\best_sequence_model.json","1002","2026-03-01 19:37:51"
"D:\huxi\morse_train\best_results_summary_20260304\02_digits_best\digit_task_20260301_new69_cuda\final_prediction_summary.json","712","2026-03-01 19:34:31"
"D:\huxi\morse_train\best_results_summary_20260304\02_digits_best\digit_task_20260301_new69_cuda\prediction_final\AB，0-9，一整组-0206135836(2)_segments.csv","742","2026-03-01 19:34:31"
"D:\huxi\morse_train\best_results_summary_20260304\02_digits_best\digit_task_20260301_new69_cuda\prediction_final\decoding_summary.csv","341","2026-03-01 19:34:31"
"D:\huxi\morse_train\best_results_summary_20260304\02_digits_best\digit_task_20260301_new69_cuda\predictions_stage2_compare_random_segments__ch1_best\AB，0123456789-0227164424_segments.csv","824","2026-03-01 19:36:27"
"D:\huxi\morse_train\best_results_summary_20260304\02_digits_best\digit_task_20260301_new69_cuda\predictions_stage2_compare_random_segments__ch1_best\AB，0-9，一整组-0206135836(2)_segments.csv","742","2026-03-01 19:36:26"
"D:\huxi\morse_train\best_results_summary_20260304\02_digits_best\digit_task_20260301_new69_cuda\predictions_stage2_compare_random_segments__ch1_best\AB，1234567890--0227165127_segments.csv","924","2026-03-01 19:36:27"
"D:\huxi\morse_train\best_results_summary_20260304\02_digits_best\digit_task_20260301_new69_cuda\predictions_stage2_compare_random_segments__ch1_best\AB，2345678901-0227165826_segments.csv","928","2026-03-01 19:36:28"
"D:\huxi\morse_train\best_results_summary_20260304\02_digits_best\digit_task_20260301_new69_cuda\predictions_stage2_compare_random_segments__ch1_best\AB，3456789012-0227171306_segments.csv","924","2026-03-01 19:36:29"
"D:\huxi\morse_train\best_results_summary_20260304\02_digits_best\digit_task_20260301_new69_cuda\predictions_stage2_compare_random_segments__ch1_best\AB，4567890123-0227172013_segments.csv","826","2026-03-01 19:36:29"
"D:\huxi\morse_train\best_results_summary_20260304\02_digits_best\digit_task_20260301_new69_cuda\predictions_stage2_compare_random_segments__ch1_best\AB，5678901234-0227172731_segments.csv","766","2026-03-01 19:36:30"
"D:\huxi\morse_train\best_results_summary_20260304\02_digits_best\digit_task_20260301_new69_cuda\predictions_stage2_compare_random_segments__ch1_best\AB，6789012345-0227175229_segments.csv","772","2026-03-01 19:36:31"
"D:\huxi\morse_train\best_results_summary_20260304\02_digits_best\digit_task_20260301_new69_cuda\predictions_stage2_compare_random_segments__ch1_best\AB，7890123456-0227175941_segments.csv","764","2026-03-01 19:36:31"
"D:\huxi\morse_train\best_results_summary_20260304\02_digits_best\digit_task_20260301_new69_cuda\predictions_stage2_compare_random_segments__ch1_best\AB，8901234567-0227184259_segments.csv","826","2026-03-01 19:36:32"
"D:\huxi\morse_train\best_results_summary_20260304\02_digits_best\digit_task_20260301_new69_cuda\predictions_stage2_compare_random_segments__ch1_best\AB，9012345678-0227185257_segments.csv","742","2026-03-01 19:36:32"
"D:\huxi\morse_train\best_results_summary_20260304\02_digits_best\digit_task_20260301_new69_cuda\predictions_stage2_compare_random_segments__ch1_best\decoding_summary.csv","2791","2026-03-01 19:36:32"
"D:\huxi\morse_train\best_results_summary_20260304\02_digits_best\digit_task_20260301_new69_cuda\predictions_stage2_compare_random_segments__ch1_best\figures\AB，0123456789-0227164424_prediction.png","176877","2026-03-01 19:37:01"
"D:\huxi\morse_train\best_results_summary_20260304\02_digits_best\digit_task_20260301_new69_cuda\predictions_stage2_compare_random_segments__ch1_best\figures\AB，0-9，一整组-0206135836(2)_prediction.png","239201","2026-03-01 19:37:00"
"D:\huxi\morse_train\best_results_summary_20260304\02_digits_best\digit_task_20260301_new69_cuda\predictions_stage2_compare_random_segments__ch1_best\figures\AB，1234567890--0227165127_prediction.png","222680","2026-03-01 19:37:01"
"D:\huxi\morse_train\best_results_summary_20260304\02_digits_best\digit_task_20260301_new69_cuda\predictions_stage2_compare_random_segments__ch1_best\figures\AB，2345678901-0227165826_prediction.png","220001","2026-03-01 19:37:01"
"D:\huxi\morse_train\best_results_summary_20260304\02_digits_best\digit_task_20260301_new69_cuda\predictions_stage2_compare_random_segments__ch1_best\figures\AB，3456789012-0227171306_prediction.png","190410","2026-03-01 19:37:01"
"D:\huxi\morse_train\best_results_summary_20260304\02_digits_best\digit_task_20260301_new69_cuda\predictions_stage2_compare_random_segments__ch1_best\figures\AB，4567890123-0227172013_prediction.png","210832","2026-03-01 19:37:01"
"D:\huxi\morse_train\best_results_summary_20260304\02_digits_best\digit_task_20260301_new69_cuda\predictions_stage2_compare_random_segments__ch1_best\figures\AB，5678901234-0227172731_prediction.png","204773","2026-03-01 19:37:02"
"D:\huxi\morse_train\best_results_summary_20260304\02_digits_best\digit_task_20260301_new69_cuda\predictions_stage2_compare_random_segments__ch1_best\figures\AB，6789012345-0227175229_prediction.png","189525","2026-03-01 19:37:02"
"D:\huxi\morse_train\best_results_summary_20260304\02_digits_best\digit_task_20260301_new69_cuda\predictions_stage2_compare_random_segments__ch1_best\figures\AB，7890123456-0227175941_prediction.png","222187","2026-03-01 19:37:02"
"D:\huxi\morse_train\best_results_summary_20260304\02_digits_best\digit_task_20260301_new69_cuda\predictions_stage2_compare_random_segments__ch1_best\figures\AB，8901234567-0227184259_prediction.png","178500","2026-03-01 19:37:02"
"D:\huxi\morse_train\best_results_summary_20260304\02_digits_best\digit_task_20260301_new69_cuda\predictions_stage2_compare_random_segments__ch1_best\figures\AB，9012345678-0227185257_prediction.png","197804","2026-03-01 19:37:02"
"D:\huxi\morse_train\best_results_summary_20260304\02_digits_best\digit_task_20260301_new69_cuda\sequence_eval_best_model.csv","3840","2026-03-01 19:38:16"
"D:\huxi\morse_train\best_results_summary_20260304\02_digits_best\digit_task_20260301_new69_cuda\sequence_eval_per_file.csv","31486","2026-03-01 19:37:51"
"D:\huxi\morse_train\best_results_summary_20260304\02_digits_best\digit_task_20260301_new69_cuda\sequence_eval_per_model.csv","3253","2026-03-01 19:37:51"
"D:\huxi\morse_train\best_results_summary_20260304\02_digits_best\digit_task_20260301_new69_cuda\stage1_results.csv","9006","2026-03-01 19:31:02"
"D:\huxi\morse_train\best_results_summary_20260304\02_digits_best\digit_task_20260301_new69_cuda\stage2_random_segments__ch1_best\confusion_matrix.csv","258","2026-03-01 19:33:41"
"D:\huxi\morse_train\best_results_summary_20260304\02_digits_best\digit_task_20260301_new69_cuda\stage2_random_segments__ch1_best\evaluation_note.txt","139","2026-03-01 19:33:41"
"D:\huxi\morse_train\best_results_summary_20260304\02_digits_best\digit_task_20260301_new69_cuda\stage2_random_segments__ch1_best\figures\accuracy_curve.png","86262","2026-03-01 19:37:00"
"D:\huxi\morse_train\best_results_summary_20260304\02_digits_best\digit_task_20260301_new69_cuda\stage2_random_segments__ch1_best\figures\confusion_matrix.png","46191","2026-03-01 19:37:00"
"D:\huxi\morse_train\best_results_summary_20260304\02_digits_best\digit_task_20260301_new69_cuda\stage2_random_segments__ch1_best\figures\confusion_matrix_normalized.png","64297","2026-03-01 19:37:00"
"D:\huxi\morse_train\best_results_summary_20260304\02_digits_best\digit_task_20260301_new69_cuda\stage2_random_segments__ch1_best\figures\loss_curve.png","94896","2026-03-01 19:37:00"
"D:\huxi\morse_train\best_results_summary_20260304\02_digits_best\digit_task_20260301_new69_cuda\stage2_random_segments__ch1_best\figures\val_macro_f1_curve.png","54551","2026-03-01 19:37:00"
"D:\huxi\morse_train\best_results_summary_20260304\02_digits_best\digit_task_20260301_new69_cuda\stage2_random_segments__ch1_best\label_map.json","113","2026-03-01 19:33:20"
"D:\huxi\morse_train\best_results_summary_20260304\02_digits_best\digit_task_20260301_new69_cuda\stage2_random_segments__ch1_best\meta.csv","63423","2026-03-01 19:33:23"
"D:\huxi\morse_train\best_results_summary_20260304\02_digits_best\digit_task_20260301_new69_cuda\stage2_random_segments__ch1_best\metrics.json","1493","2026-03-01 19:33:41"
"D:\huxi\morse_train\best_results_summary_20260304\02_digits_best\digit_task_20260301_new69_cuda\stage2_random_segments__ch1_best\morse_char_model.pt","1194282","2026-03-01 19:33:37"
"D:\huxi\morse_train\best_results_summary_20260304\02_digits_best\digit_task_20260301_new69_cuda\stage2_random_segments__ch1_best\segments_cache.npz","1093629","2026-03-01 19:33:23"
"D:\huxi\morse_train\best_results_summary_20260304\02_digits_best\digit_task_20260301_new69_cuda\stage2_random_segments__ch1_best\train_config.json","899","2026-03-01 19:33:23"
"D:\huxi\morse_train\best_results_summary_20260304\02_digits_best\digit_task_20260301_new69_cuda\stage2_random_segments__ch1_best\train_history.csv","16148","2026-03-01 19:33:41"
"D:\huxi\morse_train\best_results_summary_20260304\02_digits_best\digit_task_20260301_new69_cuda\stage2_results.csv","2406","2026-03-01 19:34:30"
"D:\huxi\morse_train\best_results_summary_20260304\03_health_best\health_bestsubset_pipeline_verify_20260304\ensemble_coarse_label_file_oof.csv","3411","2026-03-04 21:24:58"
"D:\huxi\morse_train\best_results_summary_20260304\03_health_best\health_bestsubset_pipeline_verify_20260304\ensemble_label_file_oof.csv","3996","2026-03-04 21:24:58"
"D:\huxi\morse_train\best_results_summary_20260304\03_health_best\health_bestsubset_pipeline_verify_20260304\pipeline_summary.json","3133","2026-03-04 21:24:58"
"D:\huxi\morse_train\best_results_summary_20260304\03_health_best\health_bestsubset_pipeline_verify_20260304\single_seed_coarse_label_metrics.csv","388","2026-03-04 21:24:58"
"D:\huxi\morse_train\best_results_summary_20260304\03_health_best\health_bestsubset_pipeline_verify_20260304\single_seed_label_metrics.csv","388","2026-03-04 21:24:58"
"D:\huxi\morse_train\best_results_summary_20260304\03_health_best\health_bestsubset_pipeline_verify_20260304\single_seed_run_summary.csv","247","2026-03-04 21:24:58"
"D:\huxi\morse_train\best_results_summary_20260304\03_health_best\health_training_figures_20260304\coarse_label_accuracy_curve.png","75718","2026-03-04 21:42:31"
"D:\huxi\morse_train\best_results_summary_20260304\03_health_best\health_training_figures_20260304\coarse_label_curve_points.csv","1773","2026-03-04 21:42:31"
"D:\huxi\morse_train\best_results_summary_20260304\03_health_best\health_training_figures_20260304\coarse_label_loss_curve.png","92852","2026-03-04 21:42:31"
"D:\huxi\morse_train\best_results_summary_20260304\03_health_best\health_training_figures_20260304\confusion_coarse_label_count.csv","109","2026-03-04 21:42:31"
"D:\huxi\morse_train\best_results_summary_20260304\03_health_best\health_training_figures_20260304\confusion_coarse_label_count.png","52126","2026-03-04 21:42:31"
"D:\huxi\morse_train\best_results_summary_20260304\03_health_best\health_training_figures_20260304\confusion_coarse_label_normalized.csv","205","2026-03-04 21:42:31"
"D:\huxi\morse_train\best_results_summary_20260304\03_health_best\health_training_figures_20260304\confusion_coarse_label_normalized.png","61760","2026-03-04 21:42:31"
"D:\huxi\morse_train\best_results_summary_20260304\03_health_best\health_training_figures_20260304\confusion_label_count.csv","148","2026-03-04 21:42:32"
"D:\huxi\morse_train\best_results_summary_20260304\03_health_best\health_training_figures_20260304\confusion_label_count.png","57363","2026-03-04 21:42:31"
"D:\huxi\morse_train\best_results_summary_20260304\03_health_best\health_training_figures_20260304\confusion_label_normalized.csv","243","2026-03-04 21:42:32"
"D:\huxi\morse_train\best_results_summary_20260304\03_health_best\health_training_figures_20260304\confusion_label_normalized.png","64632","2026-03-04 21:42:32"
"D:\huxi\morse_train\best_results_summary_20260304\03_health_best\health_training_figures_20260304\figure_manifest.json","1018","2026-03-04 21:42:32"
"D:\huxi\morse_train\best_results_summary_20260304\03_health_best\health_training_figures_20260304\label_accuracy_curve.png","77463","2026-03-04 21:42:31"
"D:\huxi\morse_train\best_results_summary_20260304\03_health_best\health_training_figures_20260304\label_curve_points.csv","3236","2026-03-04 21:42:31"
"D:\huxi\morse_train\best_results_summary_20260304\03_health_best\health_training_figures_20260304\label_loss_curve.png","106459","2026-03-04 21:42:31"
"D:\huxi\morse_train\best_results_summary_20260304\BEST_RESULTS_SUMMARY.md","2531","2026-03-04 21:55:04"
