epoch,train_loss_aug,train_acc_aug,train_loss_clean,train_acc_clean,val_loss,val_accuracy,val_macro_f1
1,2.2947928753045512,0.14578005115089515,2.30232478041783,0.08951406649616368,2.3016697533276615,0.10204081632653061,0.03380952380952381
2,2.2005435219201286,0.20076726342711,2.21355539758492,0.23017902813299232,2.2226567462998994,0.2755102040816326,0.20842730021747982
3,2.068457720834581,0.21355498721227623,1.9135741577733814,0.29411764705882354,1.9825596955357765,0.35714285714285715,0.30787101787101784
4,1.9294586087126866,0.2531969309462916,1.9810240329683895,0.27877237851662406,2.072874215184426,0.2653061224489796,0.2032526647022445
5,1.9499222613356608,0.2531969309462916,1.697259353249884,0.42327365728900257,1.7918654363982531,0.45918367346938777,0.4023887212616864
6,1.8468374498664875,0.2289002557544757,1.6328759531840644,0.4437340153452685,1.7435640485919253,0.4387755102040816,0.4081156209382016
7,1.7719361724146188,0.2979539641943734,1.9278713266562928,0.30562659846547313,2.001123846793661,0.2653061224489796,0.25212343212343213
8,1.786610595405559,0.3375959079283887,1.5551874003446926,0.5115089514066496,1.666188147603249,0.5306122448979592,0.48331762911114096
9,1.7176065652266792,0.40153452685422,1.5929828388306795,0.43478260869565216,1.758620631938078,0.4387755102040816,0.38981831707800146
10,1.6401374544329046,0.3132992327365729,1.3745270903458071,0.5869565217391305,1.506736159324646,0.5714285714285714,0.5322716629924868
11,1.4831831229617223,0.34654731457800514,1.4222207270619813,0.5358056265984654,1.6005315537355385,0.5,0.47329365795494827
12,1.6072302392071776,0.30818414322250637,1.4095711628799243,0.5575447570332481,1.4927237763696788,0.5714285714285714,0.569570764856806
13,1.6116467546623992,0.4820971867007673,1.2372543939848994,0.6547314578005116,1.4191816826255954,0.6224489795918368,0.6082005346024729
14,1.569364019062208,0.47698209718670076,1.2829966139610467,0.6611253196930946,1.477991517709226,0.6020408163265306,0.5854236078413463
15,1.7155438487791954,0.42710997442455245,1.1838583287680546,0.7161125319693095,1.3745028072473955,0.673469387755102,0.6554477978162189
16,1.363733221502865,0.5473145780051151,1.1116699736441493,0.7135549872122762,1.259277917900864,0.7142857142857143,0.6977795012005539
17,1.565147769420653,0.4884910485933504,1.0114891727257262,0.7966751918158568,1.192757781671018,0.7244897959183674,0.7090326712617735
18,1.372366596975595,0.47698209718670076,1.0747333182703198,0.7327365728900256,1.3233327330375204,0.6632653061224489,0.6326719023138461
19,1.2942754542431258,0.649616368286445,0.9478115642162235,0.7928388746803069,1.1409676707520777,0.7142857142857143,0.7046031746031747
20,1.2745628356933594,0.5498721227621484,1.1453876727072478,0.6278772378516624,1.2823863005151555,0.5918367346938775,0.5807820108604198
21,1.2863288800734693,0.6815856777493606,0.9412064794689188,0.7762148337595908,1.095545741976524,0.7142857142857143,0.707311348781937
22,1.2352042149399858,0.5664961636828645,0.8208236980926046,0.840153452685422,1.0313061597395916,0.7551020408163265,0.7469531970151164
23,1.2886841519714316,0.5818414322250639,0.7998711390568473,0.8618925831202046,1.016361876409881,0.7857142857142857,0.7708916890381421
24,1.1570653616619841,0.6406649616368286,0.8719028739063331,0.809462915601023,1.0748037330958309,0.7244897959183674,0.723895110737216
25,1.3895488773160578,0.45652173913043476,0.7601660480889518,0.8759590792838875,0.9578838360552885,0.8163265306122449,0.8002669552669553
26,1.2649172657286114,0.5179028132992327,0.8018291092589688,0.8375959079283888,1.0105559886718283,0.7448979591836735,0.7377087646652865
27,1.35534247230081,0.5946291560102301,0.7988266133896226,0.8465473145780051,1.0406444510635064,0.7551020408163265,0.7431165694209174
28,1.0881203617281316,0.7071611253196931,0.7334276044460208,0.8861892583120204,0.9512692981836747,0.7959183673469388,0.7869883264310509
29,1.1631901203214055,0.5281329923273658,0.7178778948686312,0.8861892583120204,0.9417824988462487,0.7959183673469388,0.7874812195178329
30,1.0497085026767858,0.36061381074168797,0.711232134753176,0.8900255754475703,0.946194052696228,0.8061224489795918,0.7960861244019138
31,1.4615171916039704,0.4079283887468031,0.718195113074749,0.9028132992327366,0.9609828567018315,0.7959183673469388,0.7886500506866639
32,1.1552936268584502,0.6470588235294118,0.7137989305779148,0.9028132992327366,0.959204375743866,0.8163265306122449,0.8073726741095163
33,0.9902801266716569,0.6240409207161125,0.7036387822817048,0.9040920716112532,0.9398312994412014,0.7857142857142857,0.7779032908357852
34,1.1019458383550425,0.5524296675191815,0.6976582145751895,0.9040920716112532,0.9351585470900243,0.7959183673469388,0.7887583245488752
35,1.0867058669819551,0.6636828644501279,0.6923289439257454,0.9066496163682864,0.9322821266797124,0.8163265306122449,0.8060656107028432
