model,label_col,fold_idx,fold_name,zip_file,group_day,true_label,pred_label,is_error,target_label
logreg,coarse_label,0,holdout,AB，咳嗽，5次-0205184642.zip,0205,cough,exercise,1,coarse_label
logreg,coarse_label,0,holdout,AB，小跑，1分钟-0205184334.zip,0205,exercise,nasal_block,1,coarse_label
svm_rbf,coarse_label,0,holdout,AB，咳嗽，5次-0205184642.zip,0205,cough,nasal_block,1,coarse_label
svm_rbf,coarse_label,0,holdout,AB，小跑，1分钟-0205184334.zip,0205,exercise,nasal_block,1,coarse_label
svm_rbf,coarse_label,0,holdout,AB，口呼吸，一分钟-0205183748.zip,0205,normal,nasal_block,1,coarse_label
random_forest,coarse_label,0,holdout,AB，咳嗽，5次-0205184642.zip,0205,cough,exercise,1,coarse_label
random_forest,coarse_label,0,holdout,AB，小跑，1分钟-0205184334.zip,0205,exercise,nasal_block,1,coarse_label
random_forest,coarse_label,0,holdout,AB，口呼吸，一分钟-0205183748.zip,0205,normal,exercise,1,coarse_label
logreg,label,0,holdout,AB，咳嗽，5次-0205184642.zip,0205,咳嗽,跑步,1,label
logreg,label,0,holdout,AB，小跑，1分钟-0205184334.zip,0205,小跑,左鼻塞,1,label
logreg,label,0,holdout,AB，口呼吸，一分钟-0205183748.zip,0205,口呼吸,鼻子呼吸,1,label
svm_rbf,label,0,holdout,AB，咳嗽，5次-0205184642.zip,0205,咳嗽,跑步,1,label
svm_rbf,label,0,holdout,AB，小跑，1分钟-0205184334.zip,0205,小跑,左鼻塞,1,label
svm_rbf,label,0,holdout,AB，口呼吸，一分钟-0205183748.zip,0205,口呼吸,跑步,1,label
random_forest,label,0,holdout,AB，咳嗽，5次-0205184642.zip,0205,咳嗽,跑步,1,label
random_forest,label,0,holdout,AB，小跑，1分钟-0205184334.zip,0205,小跑,左鼻塞,1,label
random_forest,label,0,holdout,AB，口呼吸，一分钟-0205183748.zip,0205,口呼吸,跑步,1,label
