model,feature,importance,target_label
logreg,w10s_ch2_dominant_freq_p25,0.07343084045122997,coarse_label
logreg,w10s_ch2_zero_crossing_rate_p25,0.07329063417071116,coarse_label
logreg,ch2_hf_ratio,0.069798178221594,coarse_label
logreg,ch1_hf_ratio,0.06006342552827888,coarse_label
logreg,ch1_peak_interval_std_s,0.05790772987891684,coarse_label
logreg,ch2_spectral_entropy,0.05775992811944622,coarse_label
logreg,duration_s,0.057026459877390454,coarse_label
logreg,num_rows,0.05702232868820446,coarse_label
logreg,window_count,0.056125634892379546,coarse_label
logreg,ch2_kurtosis,0.054974208402910785,coarse_label
logreg,ch1_spectral_entropy,0.04922226552546985,coarse_label
logreg,ch2_iqr,0.04866484382821851,coarse_label
logreg,w10s_ch1_peak_interval_std_s_p25,0.048495226754630125,coarse_label
logreg,w10s_ch1_zero_crossing_rate_p25,0.048286955746914655,coarse_label
logreg,w10s_ch1_peak_interval_std_s_p75,0.048220995840354386,coarse_label
logreg,w10s_ch1_peak_interval_std_s_mean,0.047930431071531894,coarse_label
logreg,ch2_std,0.045848071693703404,coarse_label
logreg,corr_ch1_ch2,0.04499340933863368,coarse_label
logreg,xcorr_peak_ch1_ch2,0.04391662073846411,coarse_label
logreg,w10s_ch2_skew_p25,0.04359760527746685,coarse_label
logreg,w10s_corr_ch1_ch2_mean,0.043405924997904535,coarse_label
logreg,w10s_corr_ch1_ch2_p25,0.043213833760165306,coarse_label
logreg,fs_hz,0.043003158896678544,coarse_label
logreg,w10s_corr_ch1_ch2_p75,0.04159616183054633,coarse_label
logreg,w10s_ch1_peak_interval_cv_p25,0.04149857923524646,coarse_label
logreg,w10s_ch1_peak_interval_cv_p75,0.04122561875292465,coarse_label
logreg,w10s_xcorr_lag_s_ch1_ch2_p25,0.04111161897210816,coarse_label
logreg,w10s_ch2_spectral_entropy_p75,0.04068592014954453,coarse_label
logreg,w10s_ch2_kurtosis_p75,0.039755275896147885,coarse_label
logreg,ch2_zero_crossing_rate,0.039501966383652595,coarse_label
logreg,ch2_skew,0.039483054693987746,coarse_label
logreg,w10s_ch1_peak_interval_cv_mean,0.039397694457716376,coarse_label
logreg,w10s_ch2_mean_p75,0.038296582727063426,coarse_label
logreg,ch1_bandpower_ratio,0.038174663147663886,coarse_label
logreg,w10s_ch2_rms_p75,0.038106461328635516,coarse_label
logreg,w10s_ch2_mean_mean,0.03803587256949307,coarse_label
logreg,ch2_mean,0.03792511844312142,coarse_label
logreg,w10s_ch2_zero_crossing_rate_mean,0.03779819864850371,coarse_label
logreg,w10s_ch2_mean_p25,0.03779316992244097,coarse_label
logreg,w10s_ch2_rms_mean,0.03777585794281493,coarse_label
logreg,ch2_rms,0.037734627963211635,coarse_label
logreg,w10s_xcorr_peak_ch1_ch2_p75,0.03767518523894688,coarse_label
logreg,w10s_ch2_rms_p25,0.03750055037653098,coarse_label
logreg,ch1_dominant_freq,0.03670593399856108,coarse_label
logreg,ch2_dominant_freq,0.03670593399856108,coarse_label
logreg,w10s_ch1_kurtosis_p25,0.0357891125814686,coarse_label
logreg,ch2_peak_interval_std_s,0.035601398330275626,coarse_label
logreg,w10s_xcorr_peak_ch1_ch2_mean,0.035072477955950206,coarse_label
logreg,ch2_bandpower_ratio,0.03503923097553807,coarse_label
logreg,ch1_peak_interval_cv,0.03485526059273089,coarse_label
logreg,w10s_xcorr_peak_ch1_ch2_p25,0.03416109010339931,coarse_label
logreg,ch1_skew,0.033025364290911394,coarse_label
logreg,w10s_ch2_peak_interval_mean_s_p75,0.03241954661326396,coarse_label
logreg,ch2_peak_interval_cv,0.03222040123415479,coarse_label
logreg,w10s_ch1_spectral_entropy_p75,0.03206212100910138,coarse_label
logreg,w10s_ch1_skew_p75,0.03202419696123544,coarse_label
logreg,w10s_ch2_zero_crossing_rate_p75,0.031807160998600495,coarse_label
logreg,w10s_ch2_spectral_entropy_p25,0.031355389595495345,coarse_label
logreg,w10s_ch1_zero_crossing_rate_mean,0.03132658772940523,coarse_label
logreg,w10s_ch1_centroid_p75,0.0308400561980759,coarse_label
logreg,ch1_zero_crossing_rate,0.030441660473266026,coarse_label
logreg,ch1_kurtosis,0.029612325894000896,coarse_label
logreg,w10s_ch2_spectral_entropy_mean,0.029513861732750248,coarse_label
logreg,w10s_ch1_mean_p25,0.029461335858290555,coarse_label
logreg,energy_ratio_ch1_ch2,0.028877121769034755,coarse_label
logreg,w10s_ch1_spectral_entropy_p25,0.028801008655807737,coarse_label
logreg,w10s_ch2_peak_interval_std_s_p25,0.028233046948692088,coarse_label
logreg,ch1_centroid,0.027600616199508606,coarse_label
logreg,w10s_ch2_kurtosis_p25,0.027517895961332604,coarse_label
logreg,w10s_xcorr_lag_s_ch1_ch2_mean,0.027478119963051245,coarse_label
logreg,w10s_ch1_rms_p25,0.027180829196067697,coarse_label
logreg,w10s_ch2_breaths_per_min_p25,0.02701305793253215,coarse_label
logreg,w10s_xcorr_lag_s_ch1_ch2_p75,0.02691826080749627,coarse_label
logreg,w10s_ch1_skew_mean,0.026844147569206313,coarse_label
logreg,w10s_ch1_kurtosis_mean,0.026786852238772724,coarse_label
logreg,w10s_ch2_skew_mean,0.026679628146824307,coarse_label
logreg,w10s_ch2_peak_interval_mean_s_mean,0.026586830660854203,coarse_label
logreg,w10s_ch2_iqr_p25,0.0263141148947668,coarse_label
logreg,w10s_ch1_std_p25,0.02626653878808153,coarse_label
logreg,w10s_energy_ratio_ch1_ch2_p25,0.025779221871527945,coarse_label
logreg,ch1_std,0.02563710068349291,coarse_label
logreg,w10s_ch1_rms_p75,0.025576030980320894,coarse_label
logreg,w10s_ch1_zero_crossing_rate_p75,0.025484594589530816,coarse_label
logreg,w10s_ch2_peak_interval_std_s_p75,0.025475225467599977,coarse_label
logreg,w10s_ch2_kurtosis_mean,0.025299449320420945,coarse_label
logreg,w10s_ch1_mean_mean,0.0251364678235673,coarse_label
logreg,w10s_ch1_mean_p75,0.024997572223287363,coarse_label
logreg,ch1_mean,0.024815239950420648,coarse_label
logreg,w10s_ch2_peak_interval_std_s_mean,0.024699570488050562,coarse_label
logreg,ch2_peak_interval_mean_s,0.024691832082745196,coarse_label
logreg,w10s_ch1_iqr_p25,0.02457016636896203,coarse_label
logreg,ch1_rms,0.024544895071072072,coarse_label
logreg,w10s_ch1_rms_mean,0.024321905433299238,coarse_label
logreg,ch2_centroid,0.024230269164055972,coarse_label
logreg,w10s_ch2_breaths_per_min_mean,0.023910105494554162,coarse_label
logreg,w10s_ch1_breaths_per_min_p25,0.023733941864297975,coarse_label
logreg,w10s_ch2_bandpower_ratio_p25,0.02364297643739313,coarse_label
logreg,w10s_ch2_peak_interval_mean_s_p25,0.023120775271199184,coarse_label
logreg,w10s_ch2_breaths_per_min_p75,0.023050205743530477,coarse_label
logreg,w10s_ch2_hf_ratio_p75,0.022912523726319498,coarse_label
logreg,w10s_ch1_std_p75,0.022756652280683902,coarse_label
logreg,ch2_breaths_per_min,0.0224479463806932,coarse_label
logreg,ch1_iqr,0.021618117140862973,coarse_label
logreg,w10s_ch1_hf_ratio_mean,0.021555775907735965,coarse_label
logreg,w10s_ch2_iqr_mean,0.021512936822787116,coarse_label
logreg,w10s_energy_ratio_ch1_ch2_p75,0.02150591627414045,coarse_label
logreg,w10s_ch1_hf_ratio_p75,0.02145667258774685,coarse_label
logreg,w10s_ch2_std_p25,0.021325220872606035,coarse_label
logreg,w10s_ch2_dominant_freq_mean,0.021276091067351146,coarse_label
logreg,w10s_ch1_std_mean,0.021258427743399092,coarse_label
logreg,w10s_energy_ratio_ch1_ch2_mean,0.02106459317317482,coarse_label
logreg,w10s_ch2_iqr_p75,0.02097055903334234,coarse_label
logreg,w10s_ch1_spectral_entropy_mean,0.020927089515588616,coarse_label
logreg,w10s_ch2_skew_p75,0.020916284814414723,coarse_label
logreg,w10s_ch2_peak_interval_cv_mean,0.02088253799531036,coarse_label
logreg,w10s_ch1_peak_interval_mean_s_p75,0.02027756490593595,coarse_label
logreg,w10s_ch2_std_p75,0.020147832643637755,coarse_label
logreg,w10s_ch1_iqr_p75,0.019995857853093525,coarse_label
logreg,w10s_ch1_kurtosis_p75,0.019744046706503773,coarse_label
logreg,w10s_ch2_std_mean,0.019709464091785988,coarse_label
logreg,w10s_ch1_bandpower_ratio_mean,0.01962223063568145,coarse_label
logreg,w10s_ch1_iqr_mean,0.019354570179824934,coarse_label
logreg,w10s_ch1_centroid_mean,0.01907923987409304,coarse_label
logreg,w10s_ch1_bandpower_ratio_p25,0.018374449084199357,coarse_label
logreg,w10s_ch2_peak_interval_cv_p25,0.018198522927611264,coarse_label
logreg,w10s_ch1_skew_p25,0.017766455467610492,coarse_label
logreg,w10s_ch2_peak_interval_cv_p75,0.01767109392826229,coarse_label
logreg,w10s_ch1_dominant_freq_p25,0.017031456955246976,coarse_label
logreg,w10s_ch1_breaths_per_min_mean,0.016934071173575475,coarse_label
logreg,w10s_ch1_bandpower_ratio_p75,0.016906242228409713,coarse_label
logreg,w10s_ch1_hf_ratio_p25,0.01681056354290433,coarse_label
logreg,w10s_ch2_dominant_freq_p75,0.016346573121479777,coarse_label
logreg,w10s_ch2_hf_ratio_mean,0.016179537190591946,coarse_label
logreg,ch1_breaths_per_min,0.016179080944943556,coarse_label
logreg,w10s_ch2_centroid_p75,0.015337957158431406,coarse_label
logreg,w10s_ch1_dominant_freq_p75,0.015308222584176802,coarse_label
logreg,w10s_ch1_breaths_per_min_p75,0.015288758019575986,coarse_label
logreg,w10s_ch2_centroid_p25,0.014001255832031668,coarse_label
logreg,w10s_ch1_dominant_freq_mean,0.013977185606461918,coarse_label
logreg,w10s_ch1_peak_interval_mean_s_p25,0.012271222022898227,coarse_label
logreg,w10s_ch2_bandpower_ratio_mean,0.011317225273373083,coarse_label
logreg,w10s_ch2_hf_ratio_p25,0.010872955123420947,coarse_label
logreg,w10s_ch1_centroid_p25,0.010838828294465419,coarse_label
logreg,w10s_ch1_peak_interval_mean_s_mean,0.010778584085188406,coarse_label
logreg,w10s_ch2_centroid_mean,0.010134151993238508,coarse_label
logreg,ch1_peak_interval_mean_s,0.008211206889333487,coarse_label
logreg,w10s_ch2_bandpower_ratio_p75,0.008123223038883895,coarse_label
logreg,xcorr_lag_s_ch1_ch2,0.005556174674037578,coarse_label
logreg,segment_count,0.0,coarse_label
random_forest,w10s_ch2_mean_p25,0.019583333333333328,coarse_label
random_forest,ch2_skew,0.015416666666666665,coarse_label
random_forest,ch1_peak_interval_std_s,0.014583333333333332,coarse_label
random_forest,w10s_ch1_zero_crossing_rate_p25,0.014583333333333332,coarse_label
random_forest,w10s_ch2_spectral_entropy_p75,0.014583333333333332,coarse_label
random_forest,ch2_mean,0.013749999999999998,coarse_label
random_forest,w10s_corr_ch1_ch2_p75,0.013333333333333334,coarse_label
random_forest,ch2_spectral_entropy,0.013333333333333332,coarse_label
random_forest,w10s_ch1_mean_p25,0.013333333333333332,coarse_label
random_forest,w10s_xcorr_peak_ch1_ch2_p25,0.012916666666666665,coarse_label
random_forest,w10s_ch1_peak_interval_std_s_p75,0.012500000000000002,coarse_label
random_forest,w10s_ch2_rms_p75,0.0125,coarse_label
random_forest,xcorr_peak_ch1_ch2,0.012083333333333333,coarse_label
random_forest,w10s_ch1_rms_p25,0.012083333333333333,coarse_label
random_forest,ch2_std,0.011666666666666667,coarse_label
random_forest,w10s_ch1_breaths_per_min_mean,0.011666666666666665,coarse_label
random_forest,w10s_ch1_rms_mean,0.011666666666666664,coarse_label
random_forest,ch1_std,0.01125,coarse_label
random_forest,w10s_ch2_kurtosis_p75,0.01125,coarse_label
random_forest,w10s_ch2_dominant_freq_p25,0.011249999999999998,coarse_label
random_forest,w10s_xcorr_peak_ch1_ch2_mean,0.010833333333333337,coarse_label
random_forest,ch2_dominant_freq,0.010833333333333335,coarse_label
random_forest,w10s_corr_ch1_ch2_mean,0.010833333333333335,coarse_label
random_forest,ch2_hf_ratio,0.01,coarse_label
random_forest,ch2_peak_interval_std_s,0.01,coarse_label
random_forest,w10s_energy_ratio_ch1_ch2_mean,0.009999999999999998,coarse_label
random_forest,w10s_ch2_std_mean,0.009583333333333336,coarse_label
random_forest,corr_ch1_ch2,0.009583333333333334,coarse_label
random_forest,w10s_ch1_iqr_mean,0.009583333333333334,coarse_label
random_forest,w10s_ch1_peak_interval_std_s_mean,0.009583333333333334,coarse_label
random_forest,w10s_ch2_rms_mean,0.009583333333333334,coarse_label
random_forest,w10s_energy_ratio_ch1_ch2_p25,0.009583333333333334,coarse_label
random_forest,w10s_ch1_kurtosis_mean,0.00958333333333333,coarse_label
random_forest,ch1_bandpower_ratio,0.00916666666666667,coarse_label
random_forest,ch2_breaths_per_min,0.00916666666666667,coarse_label
random_forest,w10s_ch1_bandpower_ratio_p25,0.009166666666666668,coarse_label
random_forest,w10s_ch2_mean_mean,0.009166666666666667,coarse_label
random_forest,w10s_ch2_rms_p25,0.009166666666666667,coarse_label
random_forest,w10s_ch2_zero_crossing_rate_mean,0.009166666666666667,coarse_label
random_forest,w10s_ch2_breaths_per_min_p25,0.009166666666666667,coarse_label
random_forest,w10s_ch2_peak_interval_cv_mean,0.008750000000000003,coarse_label
random_forest,w10s_ch1_hf_ratio_p75,0.00875,coarse_label
random_forest,w10s_ch2_hf_ratio_p25,0.00875,coarse_label
random_forest,w10s_ch1_skew_p25,0.008541666666666666,coarse_label
random_forest,ch1_centroid,0.008333333333333337,coarse_label
random_forest,w10s_ch2_mean_p75,0.008333333333333335,coarse_label
random_forest,ch2_kurtosis,0.008333333333333333,coarse_label
random_forest,ch2_peak_interval_mean_s,0.008333333333333333,coarse_label
random_forest,w10s_ch2_peak_interval_cv_p25,0.008333333333333333,coarse_label
random_forest,w10s_energy_ratio_ch1_ch2_p75,0.008333333333333333,coarse_label
random_forest,ch2_iqr,0.007916666666666669,coarse_label
random_forest,w10s_ch2_iqr_mean,0.007916666666666669,coarse_label
random_forest,ch1_dominant_freq,0.007916666666666666,coarse_label
random_forest,ch1_mean,0.007916666666666666,coarse_label
random_forest,ch1_rms,0.007916666666666666,coarse_label
random_forest,ch1_peak_interval_mean_s,0.007916666666666666,coarse_label
random_forest,ch2_zero_crossing_rate,0.007916666666666666,coarse_label
random_forest,w10s_ch1_dominant_freq_p25,0.007916666666666666,coarse_label
random_forest,w10s_ch1_mean_mean,0.0075000000000000015,coarse_label
random_forest,w10s_ch1_mean_p75,0.0075000000000000015,coarse_label
random_forest,ch1_zero_crossing_rate,0.0075,coarse_label
random_forest,w10s_ch1_peak_interval_cv_p75,0.007499999999999999,coarse_label
random_forest,w10s_ch1_iqr_p75,0.007083333333333336,coarse_label
random_forest,ch2_bandpower_ratio,0.007083333333333334,coarse_label
random_forest,ch2_rms,0.007083333333333334,coarse_label
random_forest,w10s_corr_ch1_ch2_p25,0.007083333333333334,coarse_label
random_forest,w10s_ch1_kurtosis_p25,0.007083333333333333,coarse_label
random_forest,w10s_ch2_peak_interval_mean_s_p75,0.007083333333333333,coarse_label
random_forest,w10s_xcorr_peak_ch1_ch2_p75,0.007083333333333333,coarse_label
random_forest,w10s_ch2_iqr_p25,0.007083333333333331,coarse_label
random_forest,w10s_ch2_centroid_mean,0.006666666666666667,coarse_label
random_forest,w10s_ch2_hf_ratio_mean,0.006666666666666666,coarse_label
random_forest,w10s_xcorr_lag_s_ch1_ch2_p25,0.006666666666666666,coarse_label
random_forest,w10s_xcorr_lag_s_ch1_ch2_p75,0.006666666666666666,coarse_label
random_forest,duration_s,0.00625,coarse_label
random_forest,w10s_ch1_peak_interval_cv_p25,0.00625,coarse_label
random_forest,w10s_ch1_kurtosis_p75,0.006249999999999999,coarse_label
random_forest,w10s_ch2_peak_interval_std_s_mean,0.006041666666666668,coarse_label
random_forest,w10s_ch2_zero_crossing_rate_p75,0.0058333333333333345,coarse_label
random_forest,w10s_ch1_hf_ratio_mean,0.005833333333333334,coarse_label
random_forest,w10s_ch1_iqr_p25,0.005833333333333334,coarse_label
random_forest,w10s_ch1_rms_p75,0.005833333333333334,coarse_label
random_forest,w10s_ch1_skew_p75,0.005833333333333334,coarse_label
random_forest,w10s_ch1_peak_interval_mean_s_p25,0.005833333333333334,coarse_label
random_forest,w10s_ch1_zero_crossing_rate_mean,0.005833333333333333,coarse_label
random_forest,w10s_ch1_centroid_mean,0.005416666666666666,coarse_label
random_forest,w10s_ch1_std_mean,0.005416666666666666,coarse_label
random_forest,w10s_ch1_breaths_per_min_p75,0.005416666666666666,coarse_label
random_forest,w10s_ch2_skew_mean,0.005416666666666666,coarse_label
random_forest,w10s_ch2_peak_interval_std_s_p75,0.005416666666666666,coarse_label
random_forest,w10s_xcorr_lag_s_ch1_ch2_mean,0.005416666666666666,coarse_label
random_forest,w10s_ch1_std_p25,0.005000000000000001,coarse_label
random_forest,w10s_ch1_skew_mean,0.005000000000000001,coarse_label
random_forest,fs_hz,0.005,coarse_label
random_forest,w10s_ch1_peak_interval_std_s_p25,0.005,coarse_label
random_forest,w10s_ch2_bandpower_ratio_p25,0.005,coarse_label
random_forest,ch1_hf_ratio,0.004999999999999999,coarse_label
random_forest,ch2_peak_interval_cv,0.004999999999999999,coarse_label
random_forest,w10s_ch1_peak_interval_mean_s_p75,0.004583333333333334,coarse_label
random_forest,ch1_spectral_entropy,0.004583333333333333,coarse_label
random_forest,w10s_ch1_peak_interval_cv_mean,0.004583333333333333,coarse_label
random_forest,w10s_ch2_skew_p75,0.004583333333333333,coarse_label
random_forest,w10s_ch2_kurtosis_mean,0.004583333333333333,coarse_label
random_forest,w10s_ch2_bandpower_ratio_p75,0.0045833333333333325,coarse_label
random_forest,w10s_ch2_centroid_p25,0.0045833333333333325,coarse_label
random_forest,w10s_ch1_bandpower_ratio_mean,0.0041666666666666675,coarse_label
random_forest,energy_ratio_ch1_ch2,0.004166666666666667,coarse_label
random_forest,w10s_ch1_centroid_p75,0.004166666666666667,coarse_label
random_forest,w10s_ch1_breaths_per_min_p25,0.004166666666666667,coarse_label
random_forest,w10s_ch2_spectral_entropy_p25,0.004166666666666667,coarse_label
random_forest,w10s_ch2_peak_interval_mean_s_mean,0.004166666666666666,coarse_label
random_forest,w10s_ch1_bandpower_ratio_p75,0.003750000000000001,coarse_label
random_forest,w10s_ch1_zero_crossing_rate_p75,0.0037500000000000007,coarse_label
random_forest,w10s_ch2_breaths_per_min_p75,0.0037500000000000007,coarse_label
random_forest,w10s_ch1_hf_ratio_p25,0.00375,coarse_label
random_forest,w10s_ch1_std_p75,0.003749999999999999,coarse_label
random_forest,window_count,0.0033333333333333344,coarse_label
random_forest,w10s_ch2_spectral_entropy_mean,0.0033333333333333344,coarse_label
random_forest,ch1_breaths_per_min,0.0033333333333333335,coarse_label
random_forest,w10s_ch2_kurtosis_p25,0.0033333333333333335,coarse_label
random_forest,w10s_ch2_peak_interval_std_s_p25,0.0033333333333333335,coarse_label
random_forest,w10s_ch2_bandpower_ratio_mean,0.003333333333333333,coarse_label
random_forest,w10s_ch2_breaths_per_min_mean,0.003333333333333333,coarse_label
random_forest,ch1_peak_interval_cv,0.002916666666666667,coarse_label
random_forest,w10s_ch2_peak_interval_cv_p75,0.002916666666666667,coarse_label
random_forest,w10s_ch2_iqr_p75,0.0029166666666666664,coarse_label
random_forest,w10s_ch1_dominant_freq_mean,0.002500000000000002,coarse_label
random_forest,w10s_ch2_dominant_freq_p75,0.002500000000000002,coarse_label
random_forest,w10s_ch2_dominant_freq_mean,0.002500000000000001,coarse_label
random_forest,w10s_ch1_spectral_entropy_mean,0.0025,coarse_label
random_forest,w10s_ch2_skew_p25,0.0025,coarse_label
random_forest,w10s_ch2_peak_interval_mean_s_p25,0.0025,coarse_label
random_forest,w10s_ch2_hf_ratio_p75,0.0020833333333333355,coarse_label
random_forest,ch1_kurtosis,0.0020833333333333346,coarse_label
random_forest,ch1_iqr,0.002083333333333334,coarse_label
random_forest,w10s_ch1_peak_interval_mean_s_mean,0.002083333333333334,coarse_label
random_forest,ch1_skew,0.0020833333333333337,coarse_label
random_forest,w10s_ch2_centroid_p75,0.0020833333333333337,coarse_label
random_forest,w10s_ch2_std_p25,0.0020833333333333337,coarse_label
random_forest,w10s_ch1_dominant_freq_p75,0.0020833333333333333,coarse_label
random_forest,w10s_ch1_spectral_entropy_p25,0.0016666666666666666,coarse_label
random_forest,w10s_ch2_zero_crossing_rate_p25,0.0016666666666666666,coarse_label
random_forest,w10s_ch1_spectral_entropy_p75,0.0016666666666666663,coarse_label
random_forest,ch2_centroid,0.0012500000000000005,coarse_label
random_forest,xcorr_lag_s_ch1_ch2,0.0008333333333333333,coarse_label
random_forest,w10s_ch1_centroid_p25,0.0008333333333333333,coarse_label
random_forest,w10s_ch2_std_p75,0.0008333333333333333,coarse_label
random_forest,num_rows,5.551115123125783e-19,coarse_label
random_forest,segment_count,0.0,coarse_label
logreg,w10s_ch2_zero_crossing_rate_p25,0.050102527078466755,label
logreg,w10s_ch2_dominant_freq_p25,0.04543439232724387,label
logreg,ch2_hf_ratio,0.04129524554892961,label
logreg,duration_s,0.03993482486486637,label
logreg,num_rows,0.03992131046933724,label
logreg,window_count,0.03914513731710729,label
logreg,ch2_centroid,0.03860873142810976,label
logreg,ch2_kurtosis,0.03740754911685874,label
logreg,energy_ratio_ch1_ch2,0.03594764123962448,label
logreg,ch1_hf_ratio,0.035719000424016364,label
logreg,ch1_skew,0.03535491638604027,label
logreg,ch1_peak_interval_std_s,0.03528888433604403,label
logreg,w10s_ch1_kurtosis_mean,0.035222405482818,label
logreg,ch2_peak_interval_cv,0.03517718552775091,label
logreg,w10s_ch1_dominant_freq_p25,0.0349659604481679,label
logreg,w10s_ch1_skew_p25,0.03488300549001478,label
logreg,w10s_ch2_centroid_p75,0.03474293300596983,label
logreg,w10s_ch1_kurtosis_p75,0.03445141288263722,label
logreg,fs_hz,0.034426819927861826,label
logreg,ch2_spectral_entropy,0.034285250887011835,label
logreg,ch1_kurtosis,0.03378402229895354,label
logreg,w10s_ch2_iqr_p25,0.03306470461853193,label
logreg,w10s_ch2_skew_p25,0.03303538352295977,label
logreg,ch1_spectral_entropy,0.032889712585184125,label
logreg,w10s_ch2_centroid_p25,0.032861076933446136,label
logreg,ch2_iqr,0.03268531135386956,label
logreg,w10s_ch2_centroid_mean,0.03261766309717134,label
logreg,w10s_ch2_dominant_freq_p75,0.03242902553643849,label
logreg,ch1_peak_interval_cv,0.03241920370164115,label
logreg,w10s_ch2_spectral_entropy_mean,0.03221660753163121,label
logreg,w10s_ch2_skew_p75,0.0321332133631144,label
logreg,w10s_ch1_spectral_entropy_p25,0.03210278182578641,label
logreg,w10s_ch1_skew_mean,0.031616268873682685,label
logreg,ch2_zero_crossing_rate,0.03141700920164282,label
logreg,ch2_std,0.03112981850372453,label
logreg,w10s_ch1_kurtosis_p25,0.03097455394475307,label
logreg,w10s_ch2_dominant_freq_mean,0.03090226407485664,label
logreg,w10s_ch1_peak_interval_cv_p25,0.030507595924589598,label
logreg,w10s_ch2_spectral_entropy_p25,0.030299187241739394,label
logreg,corr_ch1_ch2,0.03025039881813715,label
logreg,w10s_ch2_std_p25,0.029836074462664706,label
logreg,w10s_ch1_zero_crossing_rate_p25,0.02969101512693819,label
logreg,w10s_ch2_peak_interval_cv_p75,0.029384790084923902,label
logreg,w10s_ch1_peak_interval_std_s_p75,0.029361356126726346,label
logreg,w10s_corr_ch1_ch2_mean,0.029244016111753406,label
logreg,xcorr_peak_ch1_ch2,0.029236743693091895,label
logreg,w10s_ch1_dominant_freq_mean,0.02918444231863413,label
logreg,w10s_corr_ch1_ch2_p25,0.02912293934482398,label
logreg,w10s_ch1_peak_interval_cv_p75,0.028877182602224216,label
logreg,w10s_energy_ratio_ch1_ch2_p75,0.02862102660967055,label
logreg,w10s_ch1_peak_interval_std_s_p25,0.02844287710854737,label
logreg,w10s_ch1_skew_p75,0.02842466334896849,label
logreg,w10s_ch2_peak_interval_cv_mean,0.028402887698979258,label
logreg,w10s_xcorr_lag_s_ch1_ch2_p75,0.028352411480358903,label
logreg,w10s_ch1_spectral_entropy_mean,0.028241576775595124,label
logreg,w10s_corr_ch1_ch2_p75,0.028123431623726564,label
logreg,w10s_ch1_peak_interval_std_s_mean,0.027818515294269465,label
logreg,w10s_xcorr_lag_s_ch1_ch2_p25,0.027800026479154537,label
logreg,w10s_energy_ratio_ch1_ch2_p25,0.027454231513777037,label
logreg,ch2_peak_interval_std_s,0.02739992272420379,label
logreg,w10s_energy_ratio_ch1_ch2_mean,0.027170765140462832,label
logreg,w10s_ch2_rms_p75,0.026824096952862288,label
logreg,w10s_ch2_mean_p75,0.026758297537176727,label
logreg,w10s_ch2_std_mean,0.026707744704834425,label
logreg,w10s_xcorr_peak_ch1_ch2_p25,0.026538735989328394,label
logreg,w10s_ch2_zero_crossing_rate_p75,0.026499148872486722,label
logreg,ch2_skew,0.02637472626310459,label
logreg,w10s_ch2_iqr_mean,0.02633252035076655,label
logreg,ch2_rms,0.02619625360122522,label
logreg,w10s_ch1_dominant_freq_p75,0.026105424974573018,label
logreg,w10s_ch2_mean_mean,0.025994988246399675,label
logreg,w10s_ch2_spectral_entropy_p75,0.025986155921694423,label
logreg,ch2_mean,0.025942010205367256,label
logreg,w10s_ch2_mean_p25,0.025866371129098103,label
logreg,w10s_ch2_peak_interval_std_s_p25,0.025865390583431545,label
logreg,w10s_ch2_rms_mean,0.02578955682271609,label
logreg,w10s_ch1_peak_interval_cv_mean,0.02574670110905438,label
logreg,w10s_ch1_centroid_p75,0.025697898934468357,label
logreg,w10s_ch1_centroid_mean,0.025675087872131484,label
logreg,w10s_ch2_rms_p25,0.02564482547609882,label
logreg,w10s_ch1_spectral_entropy_p75,0.025642603403702828,label
logreg,w10s_xcorr_peak_ch1_ch2_mean,0.025246080972715707,label
logreg,w10s_ch2_skew_mean,0.025164490058041385,label
logreg,w10s_xcorr_peak_ch1_ch2_p75,0.024996002844451776,label
logreg,w10s_xcorr_lag_s_ch1_ch2_mean,0.024981381835236287,label
logreg,w10s_ch1_centroid_p25,0.024886959606755018,label
logreg,w10s_ch2_peak_interval_std_s_p75,0.024611451800906847,label
logreg,w10s_ch2_peak_interval_std_s_mean,0.02452542606999558,label
logreg,ch1_bandpower_ratio,0.024523153663532905,label
logreg,w10s_ch1_std_p25,0.024149086465085172,label
logreg,xcorr_lag_s_ch1_ch2,0.023689316115093617,label
logreg,w10s_ch2_zero_crossing_rate_mean,0.023611534557050444,label
logreg,w10s_ch2_kurtosis_p75,0.02355635031179574,label
logreg,w10s_ch2_kurtosis_mean,0.02335094574743928,label
logreg,w10s_ch2_kurtosis_p25,0.023125641455672124,label
logreg,w10s_ch1_std_mean,0.023004388875997216,label
logreg,w10s_ch1_zero_crossing_rate_p75,0.022994025024187043,label
logreg,w10s_ch2_peak_interval_cv_p25,0.0229912213221803,label
logreg,w10s_ch1_iqr_p25,0.022747381915640852,label
logreg,ch1_centroid,0.022596942767691326,label
logreg,w10s_ch1_std_p75,0.022531069528752865,label
logreg,w10s_ch1_peak_interval_mean_s_p25,0.022504775601980494,label
logreg,w10s_ch2_bandpower_ratio_p75,0.021735090755221887,label
logreg,w10s_ch1_iqr_mean,0.021720544079444563,label
logreg,ch2_bandpower_ratio,0.02164730262908945,label
logreg,ch1_zero_crossing_rate,0.021557871926833092,label
logreg,w10s_ch1_zero_crossing_rate_mean,0.021361528218561444,label
logreg,ch1_peak_interval_mean_s,0.02130471435945282,label
logreg,ch1_iqr,0.02119208053494889,label
logreg,w10s_ch2_std_p75,0.02107969069774952,label
logreg,ch1_dominant_freq,0.020984898712672163,label
logreg,ch2_dominant_freq,0.020984898712672163,label
logreg,w10s_ch1_mean_p25,0.020533207668586743,label
logreg,ch1_std,0.0202657559221958,label
logreg,w10s_ch2_iqr_p75,0.020183691755329653,label
logreg,w10s_ch1_rms_p25,0.020032064304832325,label
logreg,w10s_ch1_peak_interval_mean_s_mean,0.019816857824339288,label
logreg,w10s_ch1_iqr_p75,0.01967194422918504,label
logreg,w10s_ch1_breaths_per_min_p75,0.019285762375183223,label
logreg,w10s_ch1_rms_p75,0.019190726298300632,label
logreg,w10s_ch1_bandpower_ratio_p25,0.019022554361265775,label
logreg,w10s_ch2_peak_interval_mean_s_p75,0.019006966858431108,label
logreg,ch1_rms,0.01881216095372684,label
logreg,w10s_ch2_hf_ratio_p25,0.018689300808159,label
logreg,ch2_peak_interval_mean_s,0.01861680771466296,label
logreg,w10s_ch2_peak_interval_mean_s_p25,0.0184942461172642,label
logreg,w10s_ch1_rms_mean,0.018483614465966088,label
logreg,w10s_ch1_mean_p75,0.018245312603144204,label
logreg,w10s_ch1_breaths_per_min_mean,0.017785248096697577,label
logreg,w10s_ch1_mean_mean,0.01773576780764245,label
logreg,ch1_breaths_per_min,0.01760759845729782,label
logreg,ch1_mean,0.01755891319516983,label
logreg,w10s_ch2_bandpower_ratio_mean,0.017279402869395447,label
logreg,w10s_ch1_peak_interval_mean_s_p75,0.01719505695915669,label
logreg,w10s_ch2_hf_ratio_p75,0.017158390951607098,label
logreg,w10s_ch2_peak_interval_mean_s_mean,0.017097715763038465,label
logreg,w10s_ch2_bandpower_ratio_p25,0.01706119460453564,label
logreg,w10s_ch2_hf_ratio_mean,0.01653974415319615,label
logreg,w10s_ch1_hf_ratio_p75,0.016501915817102617,label
logreg,w10s_ch1_bandpower_ratio_mean,0.01607125297025513,label
logreg,w10s_ch2_breaths_per_min_p75,0.015924607705467792,label
logreg,w10s_ch2_breaths_per_min_mean,0.01578568881368416,label
logreg,w10s_ch1_breaths_per_min_p25,0.015743845044817094,label
logreg,w10s_ch1_hf_ratio_mean,0.015683362353369413,label
logreg,w10s_ch2_breaths_per_min_p25,0.0155498516522479,label
logreg,ch2_breaths_per_min,0.015435684188120436,label
logreg,w10s_ch1_hf_ratio_p25,0.015371460528567051,label
logreg,w10s_ch1_bandpower_ratio_p75,0.015370919621579908,label
logreg,segment_count,0.0,label
random_forest,w10s_ch1_skew_mean,0.012791666666666666,label
random_forest,w10s_ch1_breaths_per_min_p75,0.012541666666666666,label
random_forest,w10s_ch1_iqr_mean,0.011500000000000003,label
random_forest,w10s_ch1_skew_p25,0.011333333333333332,label
random_forest,w10s_xcorr_peak_ch1_ch2_mean,0.011083333333333334,label
random_forest,w10s_ch1_iqr_p75,0.010791666666666666,label
random_forest,ch2_peak_interval_mean_s,0.010708333333333335,label
random_forest,w10s_ch2_kurtosis_p75,0.010666666666666665,label
random_forest,w10s_ch1_zero_crossing_rate_p25,0.010416666666666668,label
random_forest,w10s_ch2_mean_p25,0.010416666666666664,label
random_forest,ch2_skew,0.010375000000000002,label
random_forest,ch1_centroid,0.010374999999999999,label
random_forest,w10s_energy_ratio_ch1_ch2_p75,0.010208333333333335,label
random_forest,w10s_ch2_centroid_mean,0.010166666666666666,label
random_forest,w10s_ch2_peak_interval_cv_p25,0.009875000000000002,label
random_forest,w10s_ch1_kurtosis_p25,0.009875,label
random_forest,w10s_ch1_bandpower_ratio_p75,0.009750000000000002,label
random_forest,w10s_ch1_peak_interval_cv_p75,0.009458333333333336,label
random_forest,ch2_zero_crossing_rate,0.009416666666666669,label
random_forest,ch2_breaths_per_min,0.009375000000000001,label
random_forest,ch2_spectral_entropy,0.009250000000000001,label
random_forest,w10s_ch2_peak_interval_std_s_p75,0.009250000000000001,label
random_forest,w10s_ch1_dominant_freq_p75,0.009208333333333336,label
random_forest,ch2_dominant_freq,0.009125000000000001,label
random_forest,w10s_ch1_dominant_freq_p25,0.009125000000000001,label
random_forest,w10s_ch1_mean_p25,0.009000000000000003,label
random_forest,ch2_hf_ratio,0.008916666666666666,label
random_forest,w10s_ch2_spectral_entropy_p75,0.008833333333333335,label
random_forest,w10s_ch1_bandpower_ratio_mean,0.008791666666666668,label
random_forest,w10s_ch2_dominant_freq_p25,0.008791666666666666,label
random_forest,w10s_corr_ch1_ch2_mean,0.008791666666666666,label
random_forest,w10s_ch2_hf_ratio_mean,0.008708333333333334,label
random_forest,w10s_ch1_breaths_per_min_mean,0.008666666666666668,label
random_forest,ch2_mean,0.008625,label
random_forest,w10s_ch1_kurtosis_p75,0.008625,label
random_forest,ch2_std,0.008583333333333335,label
random_forest,w10s_ch1_spectral_entropy_p25,0.008583333333333333,label
random_forest,w10s_ch2_dominant_freq_mean,0.008458333333333332,label
random_forest,w10s_energy_ratio_ch1_ch2_mean,0.008250000000000002,label
random_forest,w10s_ch1_skew_p75,0.008208333333333333,label
random_forest,w10s_ch2_peak_interval_mean_s_p75,0.008208333333333333,label
random_forest,ch1_peak_interval_std_s,0.00816666666666667,label
random_forest,w10s_ch1_bandpower_ratio_p25,0.008125000000000002,label
random_forest,w10s_ch1_peak_interval_mean_s_p25,0.007749999999999999,label
random_forest,w10s_ch2_std_mean,0.007666666666666667,label
random_forest,w10s_ch2_skew_p25,0.007583333333333333,label
random_forest,w10s_ch2_rms_p75,0.007541666666666668,label
random_forest,ch1_dominant_freq,0.007541666666666665,label
random_forest,w10s_ch1_mean_p75,0.007458333333333333,label
random_forest,ch1_bandpower_ratio,0.007333333333333334,label
random_forest,w10s_ch1_iqr_p25,0.0072499999999999995,label
random_forest,w10s_corr_ch1_ch2_p75,0.007249999999999999,label
random_forest,energy_ratio_ch1_ch2,0.0071666666666666675,label
random_forest,w10s_ch1_hf_ratio_p75,0.007125,label
random_forest,w10s_ch2_skew_mean,0.007125,label
random_forest,w10s_ch1_std_mean,0.007083333333333335,label
random_forest,xcorr_peak_ch1_ch2,0.007041666666666668,label
random_forest,ch2_peak_interval_cv,0.007041666666666667,label
random_forest,w10s_ch2_iqr_mean,0.007041666666666667,label
random_forest,w10s_ch2_iqr_p25,0.007041666666666667,label
random_forest,w10s_ch1_zero_crossing_rate_p75,0.006958333333333334,label
random_forest,ch2_iqr,0.006958333333333332,label
random_forest,w10s_ch2_mean_mean,0.006833333333333334,label
random_forest,w10s_xcorr_lag_s_ch1_ch2_mean,0.006833333333333334,label
random_forest,w10s_ch1_peak_interval_cv_p25,0.006791666666666668,label
random_forest,ch1_rms,0.006749999999999999,label
random_forest,ch1_kurtosis,0.006708333333333333,label
random_forest,ch2_bandpower_ratio,0.0065833333333333325,label
random_forest,w10s_ch2_hf_ratio_p25,0.006541666666666668,label
random_forest,w10s_ch2_zero_crossing_rate_mean,0.006541666666666667,label
random_forest,w10s_ch2_peak_interval_cv_mean,0.006541666666666667,label
random_forest,w10s_ch1_peak_interval_std_s_p75,0.006500000000000001,label
random_forest,w10s_ch2_spectral_entropy_p25,0.006499999999999999,label
random_forest,w10s_ch1_dominant_freq_mean,0.006458333333333333,label
random_forest,w10s_ch1_hf_ratio_p25,0.006416666666666666,label
random_forest,w10s_ch1_kurtosis_mean,0.006416666666666666,label
random_forest,w10s_ch2_rms_mean,0.006416666666666666,label
random_forest,w10s_energy_ratio_ch1_ch2_p25,0.006333333333333333,label
random_forest,w10s_ch2_rms_p25,0.006333333333333332,label
random_forest,w10s_ch1_spectral_entropy_mean,0.0062916666666666685,label
random_forest,w10s_xcorr_peak_ch1_ch2_p25,0.006291666666666668,label
random_forest,w10s_ch1_mean_mean,0.006291666666666667,label
random_forest,w10s_ch1_zero_crossing_rate_mean,0.006291666666666667,label
random_forest,ch2_peak_interval_std_s,0.006250000000000002,label
random_forest,w10s_ch1_centroid_mean,0.00625,label
random_forest,ch1_spectral_entropy,0.006208333333333333,label
random_forest,ch1_std,0.006124999999999999,label
random_forest,w10s_ch2_mean_p75,0.006083333333333334,label
random_forest,ch1_iqr,0.005916666666666666,label
random_forest,w10s_ch1_centroid_p25,0.005916666666666666,label
random_forest,w10s_ch2_zero_crossing_rate_p75,0.0059166666666666656,label
random_forest,num_rows,0.005874999999999999,label
random_forest,w10s_ch1_breaths_per_min_p25,0.005791666666666667,label
random_forest,ch2_rms,0.005750000000000002,label
random_forest,w10s_ch1_peak_interval_mean_s_mean,0.005708333333333334,label
random_forest,w10s_ch1_rms_p75,0.005708333333333333,label
random_forest,w10s_ch2_bandpower_ratio_p75,0.005666666666666666,label
random_forest,w10s_ch2_spectral_entropy_mean,0.005666666666666665,label
random_forest,w10s_ch2_peak_interval_mean_s_mean,0.0056250000000000015,label
random_forest,w10s_ch2_breaths_per_min_p75,0.005625,label
random_forest,duration_s,0.005583333333333334,label
random_forest,w10s_ch2_peak_interval_std_s_p25,0.0055833333333333325,label
random_forest,ch1_peak_interval_cv,0.0055000000000000005,label
random_forest,ch1_hf_ratio,0.0055,label
random_forest,ch1_skew,0.005458333333333332,label
random_forest,w10s_ch2_centroid_p75,0.005416666666666668,label
random_forest,ch2_kurtosis,0.005291666666666667,label
random_forest,w10s_ch2_bandpower_ratio_p25,0.005291666666666666,label
random_forest,corr_ch1_ch2,0.005208333333333334,label
random_forest,w10s_ch1_rms_mean,0.005208333333333331,label
random_forest,w10s_xcorr_lag_s_ch1_ch2_p75,0.0051666666666666675,label
random_forest,w10s_ch2_hf_ratio_p75,0.005166666666666666,label
random_forest,w10s_ch2_kurtosis_mean,0.005166666666666666,label
random_forest,w10s_ch2_breaths_per_min_mean,0.005166666666666666,label
random_forest,w10s_ch1_centroid_p75,0.005083333333333333,label
random_forest,w10s_ch1_std_p25,0.005083333333333333,label
random_forest,w10s_ch2_peak_interval_std_s_mean,0.005083333333333333,label
random_forest,ch2_centroid,0.005,label
random_forest,w10s_ch2_skew_p75,0.004999999999999999,label
random_forest,w10s_ch2_breaths_per_min_p25,0.004999999999999999,label
random_forest,ch1_peak_interval_mean_s,0.004875000000000003,label
random_forest,fs_hz,0.004875,label
random_forest,w10s_ch1_hf_ratio_mean,0.004875,label
random_forest,w10s_ch1_peak_interval_cv_mean,0.004791666666666667,label
random_forest,w10s_ch2_peak_interval_cv_p75,0.0047083333333333335,label
random_forest,w10s_xcorr_peak_ch1_ch2_p75,0.004666666666666667,label
random_forest,w10s_ch2_bandpower_ratio_mean,0.004666666666666666,label
random_forest,w10s_xcorr_lag_s_ch1_ch2_p25,0.004666666666666665,label
random_forest,w10s_ch2_centroid_p25,0.004541666666666667,label
random_forest,w10s_ch1_peak_interval_mean_s_p75,0.004458333333333334,label
random_forest,w10s_ch2_kurtosis_p25,0.004333333333333333,label
random_forest,w10s_ch1_peak_interval_std_s_mean,0.004250000000000001,label
random_forest,w10s_ch2_dominant_freq_p75,0.00425,label
random_forest,w10s_ch1_rms_p25,0.004249999999999999,label
random_forest,xcorr_lag_s_ch1_ch2,0.004125000000000001,label
random_forest,ch1_breaths_per_min,0.004041666666666666,label
random_forest,w10s_ch2_std_p25,0.0039166666666666655,label
random_forest,w10s_ch1_peak_interval_std_s_p25,0.0038333333333333336,label
random_forest,w10s_ch2_zero_crossing_rate_p25,0.003708333333333333,label
random_forest,w10s_corr_ch1_ch2_p25,0.0036250000000000006,label
random_forest,w10s_ch2_iqr_p75,0.0036249999999999998,label
random_forest,ch1_zero_crossing_rate,0.0034166666666666664,label
random_forest,window_count,0.0030000000000000022,label
random_forest,w10s_ch2_std_p75,0.0027500000000000003,label
random_forest,ch1_mean,0.002583333333333334,label
random_forest,w10s_ch2_peak_interval_mean_s_p25,0.002375,label
random_forest,w10s_ch1_spectral_entropy_p75,0.001958333333333333,label
random_forest,w10s_ch1_std_p75,0.0017499999999999998,label
random_forest,segment_count,0.0,label
