,Ch1,,Ch2,,Ch3,,Ch4,,Ch5,,Ch6,,Ch7,,Ch8,
Time (s),R (kohm),ΔR/R0 (%),R (kohm),ΔR/R0 (%),R (kohm),ΔR/R0 (%),R (kohm),ΔR/R0 (%),R (kohm),ΔR/R0 (%),R (kohm),ΔR/R0 (%),R (kohm),ΔR/R0 (%),R (kohm),ΔR/R0 (%)
0.015,2.3899,0.0000,1.1039,0.0000,NA,NA,NA,NA,NA,NA,NA,NA,NA,NA,NA,NA
0.100,2.3899,0.0000,1.1039,0.0000,NA,NA,NA,NA,NA,NA,NA,NA,NA,NA,NA,NA
0.208,2.3892,0.0000,1.1031,0.0000,NA,NA,NA,NA,NA,NA,NA,NA,NA,NA,NA,NA
0.293,2.3887,0.0000,1.1033,0.0000,NA,NA,NA,NA,NA,NA,NA,NA,NA,NA,NA,NA
0.392,2.3924,0.0000,1.1033,0.0000,NA,NA,NA,NA,NA,NA,NA,NA,NA,NA,NA,NA
0.496,2.3945,0.0000,1.1028,0.0000,NA,NA,NA,NA,NA,NA,NA,NA,NA,NA,NA,NA
0.591,2.3948,0.0000,1.1032,0.0000,NA,NA,NA,NA,NA,NA,NA,NA,NA,NA,NA,NA
0.690,2.3948,0.0000,1.1034,0.0000,NA,NA,NA,NA,NA,NA,NA,NA,NA,NA,NA,NA
0.796,2.3935,0.0000,1.1035,0.0000,NA,NA,NA,NA,NA,NA,NA,NA,NA,NA,NA,NA
0.929,2.3932,0.0000,1.1036,0.0000,NA,NA,NA,NA,NA,NA,NA,NA,NA,NA,NA,NA
0.979,2.3932,0.0000,1.1036,0.0000,NA,NA,NA,NA,NA,NA,NA,NA,NA,NA,NA,NA
1.128,2.3890,0.0000,1.1034,-0.0211,NA,NA,NA,NA,NA,NA,NA,NA,NA,NA,NA,NA
1.214,2.3890,0.0000,1.1034,-0.0211,NA,NA,NA,NA,NA,NA,NA,NA,NA,NA,NA,NA
1.274,2.3866,-0.1015,1.1026,-0.0914,NA,NA,NA,NA,NA,NA,NA,NA,NA,NA,NA,NA
1.372,2.3816,-0.3126,1.1036,-0.0039,NA,NA,NA,NA,NA,NA,NA,NA,NA,NA,NA,NA
1.474,2.3808,-0.3433,1.1036,-0.0039,NA,NA,NA,NA,NA,NA,NA,NA,NA,NA,NA,NA
1.613,2.3875,-0.0632,1.1036,-0.0066,NA,NA,NA,NA,NA,NA,NA,NA,NA,NA,NA,NA
1.664,2.3875,-0.0632,1.1036,-0.0066,NA,NA,NA,NA,NA,NA,NA,NA,NA,NA,NA,NA
1.763,2.3880,-0.0414,1.1034,-0.0245,NA,NA,NA,NA,NA,NA,NA,NA,NA,NA,NA,NA
1.880,2.3880,-0.0414,1.1025,-0.1072,NA,NA,NA,NA,NA,NA,NA,NA,NA,NA,NA,NA
1.970,2.3877,-0.0570,1.1026,-0.0907,NA,NA,NA,NA,NA,NA,NA,NA,NA,NA,NA,NA
2.060,2.4156,1.1120,1.1096,0.5373,NA,NA,NA,NA,NA,NA,NA,NA,NA,NA,NA,NA
2.156,2.5109,5.1016,1.1298,2.3654,NA,NA,NA,NA,NA,NA,NA,NA,NA,NA,NA,NA
2.256,2.6490,10.8827,1.1649,5.5510,NA,NA,NA,NA,NA,NA,NA,NA,NA,NA,NA,NA
2.363,2.7402,14.6993,1.1953,8.3009,NA,NA,NA,NA,NA,NA,NA,NA,NA,NA,NA,NA
2.450,2.8233,18.1768,1.2163,10.2045,NA,NA,NA,NA,NA,NA,NA,NA,NA,NA,NA,NA
2.546,2.8716,20.1990,1.2429,12.6164,NA,NA,NA,NA,NA,NA,NA,NA,NA,NA,NA,NA
2.647,2.9145,21.9966,1.2527,13.5090,NA,NA,NA,NA,NA,NA,NA,NA,NA,NA,NA,NA
2.770,2.9321,22.7318,1.2634,14.4707,NA,NA,NA,NA,NA,NA,NA,NA,NA,NA,NA,NA
2.839,2.9666,24.1779,1.2787,15.8643,NA,NA,NA,NA,NA,NA,NA,NA,NA,NA,NA,NA
2.940,2.9808,24.7689,1.2849,16.4191,NA,NA,NA,NA,NA,NA,NA,NA,NA,NA,NA,NA
3.047,2.9883,25.0844,1.2942,17.2618,NA,NA,NA,NA,NA,NA,NA,NA,NA,NA,NA,NA
3.134,3.0135,26.1382,1.2986,17.6609,NA,NA,NA,NA,NA,NA,NA,NA,NA,NA,NA,NA
3.238,3.0247,26.6060,1.3055,18.2932,NA,NA,NA,NA,NA,NA,NA,NA,NA,NA,NA,NA
3.355,3.0476,27.5654,1.3091,18.6179,NA,NA,NA,NA,NA,NA,NA,NA,NA,NA,NA,NA
3.455,3.0574,27.9778,1.3159,19.2277,NA,NA,NA,NA,NA,NA,NA,NA,NA,NA,NA,NA
3.532,3.0693,28.4738,1.3193,19.5445,NA,NA,NA,NA,NA,NA,NA,NA,NA,NA,NA,NA
3.629,3.0743,28.6846,1.3245,20.0145,NA,NA,NA,NA,NA,NA,NA,NA,NA,NA,NA,NA
3.726,3.0897,29.3282,1.3287,20.3888,NA,NA,NA,NA,NA,NA,NA,NA,NA,NA,NA,NA
3.821,3.0964,29.6088,1.3306,20.5668,NA,NA,NA,NA,NA,NA,NA,NA,NA,NA,NA,NA
3.919,3.1155,30.4099,1.3355,21.0048,NA,NA,NA,NA,NA,NA,NA,NA,NA,NA,NA,NA
4.029,3.1155,30.4099,1.3417,21.5681,NA,NA,NA,NA,NA,NA,NA,NA,NA,NA,NA,NA
4.116,3.1209,30.6357,1.3446,21.8368,NA,NA,NA,NA,NA,NA,NA,NA,NA,NA,NA,NA
4.221,3.1311,31.0596,1.3505,22.3701,NA,NA,NA,NA,NA,NA,NA,NA,NA,NA,NA,NA
4.308,3.1499,31.8486,1.3591,23.1504,NA,NA,NA,NA,NA,NA,NA,NA,NA,NA,NA,NA
4.415,3.1775,33.0018,1.3640,23.5873,NA,NA,NA,NA,NA,NA,NA,NA,NA,NA,NA,NA
4.508,3.1798,33.1006,1.3662,23.7886,NA,NA,NA,NA,NA,NA,NA,NA,NA,NA,NA,NA
4.601,3.1798,33.1006,1.3663,23.7956,NA,NA,NA,NA,NA,NA,NA,NA,NA,NA,NA,NA
4.709,3.1747,32.8868,1.3668,23.8454,NA,NA,NA,NA,NA,NA,NA,NA,NA,NA,NA,NA
4.798,3.1470,31.7259,1.3668,23.8454,NA,NA,NA,NA,NA,NA,NA,NA,NA,NA,NA,NA
4.903,3.1337,31.1707,1.3652,23.7030,NA,NA,NA,NA,NA,NA,NA,NA,NA,NA,NA,NA
4.998,3.1100,30.1764,1.3618,23.3936,NA,NA,NA,NA,NA,NA,NA,NA,NA,NA,NA,NA
5.156,3.1000,29.7610,1.3600,23.2319,NA,NA,NA,NA,NA,NA,NA,NA,NA,NA,NA,NA
5.192,3.0949,29.5459,1.3582,23.0687,NA,NA,NA,NA,NA,NA,NA,NA,NA,NA,NA,NA
5.293,3.0708,28.5369,1.3568,22.9409,NA,NA,NA,NA,NA,NA,NA,NA,NA,NA,NA,NA
5.389,3.0585,28.0245,1.3532,22.6128,NA,NA,NA,NA,NA,NA,NA,NA,NA,NA,NA,NA
5.489,3.0340,26.9973,1.3512,22.4318,NA,NA,NA,NA,NA,NA,NA,NA,NA,NA,NA,NA
5.584,3.0219,26.4927,1.3463,21.9840,NA,NA,NA,NA,NA,NA,NA,NA,NA,NA,NA,NA
5.680,3.0077,25.8965,1.3437,21.7499,NA,NA,NA,NA,NA,NA,NA,NA,NA,NA,NA,NA
5.779,3.0002,25.5824,1.3423,21.6197,NA,NA,NA,NA,NA,NA,NA,NA,NA,NA,NA,NA
5.879,2.9859,24.9818,1.3397,21.3890,NA,NA,NA,NA,NA,NA,NA,NA,NA,NA,NA,NA
5.988,2.9687,24.2631,1.3375,21.1924,NA,NA,NA,NA,NA,NA,NA,NA,NA,NA,NA,NA
6.069,2.9677,24.2230,1.3363,21.0772,NA,NA,NA,NA,NA,NA,NA,NA,NA,NA,NA,NA
6.172,2.9608,23.9315,1.3319,20.6809,NA,NA,NA,NA,NA,NA,NA,NA,NA,NA,NA,NA
6.268,2.9464,23.3305,1.3285,20.3702,NA,NA,NA,NA,NA,NA,NA,NA,NA,NA,NA,NA
6.381,2.9426,23.1725,1.3266,20.1980,NA,NA,NA,NA,NA,NA,NA,NA,NA,NA,NA,NA
6.467,2.9425,23.1674,1.3243,19.9895,NA,NA,NA,NA,NA,NA,NA,NA,NA,NA,NA,NA
6.557,2.9936,25.3064,1.3383,21.2642,NA,NA,NA,NA,NA,NA,NA,NA,NA,NA,NA,NA
6.669,3.0466,27.5235,1.3466,22.0165,NA,NA,NA,NA,NA,NA,NA,NA,NA,NA,NA,NA
6.755,3.0510,27.7083,1.3523,22.5263,NA,NA,NA,NA,NA,NA,NA,NA,NA,NA,NA,NA
6.857,3.0586,28.0280,1.3530,22.5962,NA,NA,NA,NA,NA,NA,NA,NA,NA,NA,NA,NA
6.954,3.0586,28.0280,1.3549,22.7630,NA,NA,NA,NA,NA,NA,NA,NA,NA,NA,NA,NA
7.054,3.0512,27.7187,1.3549,22.7630,NA,NA,NA,NA,NA,NA,NA,NA,NA,NA,NA,NA
7.148,3.0299,26.8246,1.3532,22.6100,NA,NA,NA,NA,NA,NA,NA,NA,NA,NA,NA,NA
7.248,3.0037,25.7301,1.3503,22.3468,NA,NA,NA,NA,NA,NA,NA,NA,NA,NA,NA,NA
7.353,2.9919,25.2334,1.3492,22.2518,NA,NA,NA,NA,NA,NA,NA,NA,NA,NA,NA,NA
7.445,2.9866,25.0149,1.3463,21.9834,NA,NA,NA,NA,NA,NA,NA,NA,NA,NA,NA,NA
7.562,2.9877,25.0596,1.3448,21.8527,NA,NA,NA,NA,NA,NA,NA,NA,NA,NA,NA,NA
7.645,2.9877,25.0596,1.3431,21.6972,NA,NA,NA,NA,NA,NA,NA,NA,NA,NA,NA,NA
7.747,2.9775,24.6336,1.3390,21.3287,NA,NA,NA,NA,NA,NA,NA,NA,NA,NA,NA,NA
7.838,2.9775,24.6336,1.3374,21.1764,NA,NA,NA,NA,NA,NA,NA,NA,NA,NA,NA,NA
7.939,2.9546,23.6731,1.3343,20.9004,NA,NA,NA,NA,NA,NA,NA,NA,NA,NA,NA,NA
8.035,2.9546,23.6731,1.3312,20.6216,NA,NA,NA,NA,NA,NA,NA,NA,NA,NA,NA,NA
8.184,2.9386,23.0041,1.3292,20.4365,NA,NA,NA,NA,NA,NA,NA,NA,NA,NA,NA,NA
8.226,2.9434,23.2063,1.3292,20.4365,NA,NA,NA,NA,NA,NA,NA,NA,NA,NA,NA,NA
8.323,2.9434,23.2063,1.3271,20.2460,NA,NA,NA,NA,NA,NA,NA,NA,NA,NA,NA,NA
8.429,2.9377,22.9665,1.3256,20.1088,NA,NA,NA,NA,NA,NA,NA,NA,NA,NA,NA,NA
8.520,2.9373,22.9485,1.3245,20.0127,NA,NA,NA,NA,NA,NA,NA,NA,NA,NA,NA,NA
8.619,2.9340,22.8107,1.3239,19.9574,NA,NA,NA,NA,NA,NA,NA,NA,NA,NA,NA,NA
8.720,2.9340,22.8107,1.3234,19.9120,NA,NA,NA,NA,NA,NA,NA,NA,NA,NA,NA,NA
8.814,2.9286,22.5866,1.3226,19.8397,NA,NA,NA,NA,NA,NA,NA,NA,NA,NA,NA,NA
8.915,2.9245,22.4149,1.3226,19.8397,NA,NA,NA,NA,NA,NA,NA,NA,NA,NA,NA,NA
9.012,2.9226,22.3344,1.3223,19.8076,NA,NA,NA,NA,NA,NA,NA,NA,NA,NA,NA,NA
9.112,2.9206,22.2496,1.3219,19.7792,NA,NA,NA,NA,NA,NA,NA,NA,NA,NA,NA,NA
9.206,2.9206,22.2496,1.3217,19.7584,NA,NA,NA,NA,NA,NA,NA,NA,NA,NA,NA,NA
9.303,2.9183,22.1534,1.3214,19.7273,NA,NA,NA,NA,NA,NA,NA,NA,NA,NA,NA,NA
9.484,2.9183,22.1534,1.3203,19.6347,NA,NA,NA,NA,NA,NA,NA,NA,NA,NA,NA,NA
9.497,2.9170,22.0995,1.3196,19.5654,NA,NA,NA,NA,NA,NA,NA,NA,NA,NA,NA,NA
9.645,2.9137,21.9622,1.3182,19.4361,NA,NA,NA,NA,NA,NA,NA,NA,NA,NA,NA,NA
9.693,2.9114,21.8666,1.3172,19.3489,NA,NA,NA,NA,NA,NA,NA,NA,NA,NA,NA,NA
9.790,2.9129,21.9297,1.3171,19.3426,NA,NA,NA,NA,NA,NA,NA,NA,NA,NA,NA,NA
9.903,2.9129,21.9297,1.3168,19.3121,NA,NA,NA,NA,NA,NA,NA,NA,NA,NA,NA,NA
