Time (s),R (kohm),ΔR/R0 (%),R (kohm).1,ΔR/R0 (%).1,R (kohm).2,ΔR/R0 (%).2,R (kohm).3,ΔR/R0 (%).3,R (kohm).4,ΔR/R0 (%).4,R (kohm).5,ΔR/R0 (%).5,R (kohm).6,ΔR/R0 (%).6,R (kohm).7,ΔR/R0 (%).7
270.096,6.8142,15.3336,6.9636,32.4806,57442.904,91.8544,,,,,,,,,,
270.163,6.8162,15.3683,6.9628,32.465,57442.904,91.8544,,,,,,,,,,
270.267,6.8162,15.3683,6.9628,32.465,26302.852,-12.1507,,,,,,,,,,
270.366,6.8184,15.4052,6.9607,32.4248,26302.852,-12.1507,,,,,,,,,,
270.474,6.8184,15.4052,6.9599,32.4088,26475.182,-11.5751,,,,,,,,,,
270.578,6.8119,15.2947,6.9557,32.3302,48195.24,60.968,,,,,,,,,,
270.658,6.8069,15.2103,6.9532,32.2815,51894.38,73.3228,,,,,,,,,,
270.761,6.8041,15.1635,6.9485,32.1932,55129.056,84.1263,,,,,,,,,,
270.855,6.8034,15.1524,6.9456,32.1369,55129.056,84.1263,,,,,,,,,,
270.98,6.8053,15.1843,6.9402,32.0353,25699.276,-14.1666,191455.424,3.5945,,,,,,,,
271.064,6.8057,15.1913,6.9407,32.0445,49927.844,66.7547,,,,,,,,,,
271.15,6.8105,15.2724,6.9407,32.0445,49927.844,66.7547,,,,,,,,,,
271.256,6.8105,15.2724,6.9407,32.0448,27950.048,-6.6492,186824.464,1.0887,,,,,,,,
271.347,6.8082,15.2336,6.9407,32.0448,57277.452,91.3018,,,,,,,,,,
271.444,6.7991,15.0786,6.938,31.9925,57277.452,91.3018,,,,,,,,,,
271.556,6.7971,15.0449,6.9354,31.943,26012.106,-13.1218,,,,,,,,,,
271.652,6.7995,15.0859,6.9328,31.8936,26012.106,-13.1218,,,,,,,,,,
271.748,6.7995,15.0859,6.9317,31.8737,26388.706,-11.864,,,,,,,,,,
271.865,6.79,14.9256,6.9275,31.7932,50409.776,68.3644,,,,,,,,,,
271.953,6.7852,14.8441,6.9272,31.7866,53970.492,80.2568,,,,,,,,,,
272.045,6.7805,14.7643,6.9201,31.6528,56337.996,88.1641,,,,,,,,,,
272.14,6.7787,14.7336,6.9219,31.6867,56337.996,88.1641,,,,,,,,,,
272.264,6.7824,14.7968,6.9219,31.6867,26108.826,-12.7987,,,,,,,,,,
272.337,6.7824,14.7968,6.9215,31.6784,27514.414,-8.1042,,,,,,,,,,
272.437,6.7802,14.7592,6.9162,31.5788,27514.414,-8.1042,,,,,,,,,,
272.542,6.7844,14.8303,6.9137,31.5309,21865.142,-26.9723,,,,,,,,,,
272.636,6.7855,14.8491,6.9137,31.5309,24174.052,-19.2607,,,,,,,,,,
272.726,6.7855,14.8491,6.9117,31.4918,26661.342,-10.9534,,,,,,,,,,
272.83,6.783,14.8063,6.9093,31.4476,51318.512,71.3995,,,,,,,,,,
272.926,6.7809,14.7707,6.9071,31.4054,55822.38,86.442,,,,,,,,,,
273.058,6.7684,14.5592,6.9062,31.387,58348.932,94.8805,,,,,,,,,,
273.118,6.7655,14.5101,6.9062,31.387,58348.932,94.8805,,,,,,,,,,
273.218,6.7664,14.526,6.8976,31.2243,26952.796,-9.98,,,,,,,,,,
273.317,6.7664,14.526,6.8879,31.0387,28468.258,-4.9184,,,,,,,,,,
273.415,6.7655,14.5105,6.8836,30.9582,28468.258,-4.9184,,,,,,,,,,
273.539,6.7591,14.4018,6.8786,30.8625,22152.232,-26.0134,,,,,,,,,,
273.612,6.7542,14.3195,6.8689,30.6779,24464.194,-18.2917,,,,,,,,,,
273.711,6.7302,13.9123,6.8652,30.6073,45947.868,53.462,,,,,,,,,,
273.804,6.7185,13.7151,6.855,30.4135,51712.468,72.7152,,,,,,,,,,
273.904,6.7014,13.4255,6.866,30.6226,57172.268,90.9505,,,,,,,,,,
274.004,6.704,13.4692,6.915,31.555,60893.672,103.3797,,,,,,,,,,
274.104,6.7333,13.9655,6.9684,32.5707,60893.672,103.3797,,,,,,,,,,
274.199,6.7673,14.5414,7.0331,33.8021,27825.464,-7.0653,,,,,,,,,,
274.296,6.8303,15.6071,7.093,34.9406,29526.002,-1.3857,,,,,,,,,,
274.405,6.8662,16.2151,7.1291,35.6282,29526.002,-1.3857,,,,,,,,,,
274.507,6.883,16.4995,7.1588,36.1927,50578.288,68.9272,,,,,,,,,,
274.596,6.8847,16.5282,7.1739,36.4802,54414.212,81.7388,,,,,,,,,,
274.696,6.8934,16.6742,7.1781,36.5604,54414.212,81.7388,,,,,,,,,,
274.873,6.8943,16.6895,7.1781,36.5604,24322.562,-18.7647,,,,,,,,,,
274.894,6.8943,16.6895,7.1774,36.5477,26613.362,-11.1136,192358.256,4.083,,,,,,,,
274.988,6.8916,16.6437,7.1698,36.402,52150.856,74.1794,,,,,,,,,,
275.089,6.8858,16.5461,7.1662,36.3338,52150.856,74.1794,,,,,,,,,,
275.188,6.8706,16.2892,7.1491,36.0092,29372.308,-1.899,191489.232,3.6128,,,,,,,,
275.284,6.8621,16.1454,7.1384,35.8061,59425.368,98.4757,,,,,,,,,,
275.422,6.8445,15.8466,7.1148,35.357,59425.368,98.4757,,,,,,,,,,
275.488,6.8313,15.6242,7.1048,35.1657,27341.118,-8.683,,,,,,,,,,
275.585,6.8241,15.5021,7.087,34.8265,25092.858,-16.192,,,,,,,,,,
275.687,6.8236,15.494,7.1057,35.184,46734.28,56.0885,,,,,,,,,,
275.804,6.8432,15.8257,7.1633,36.2788,52212.14,74.3841,,,,,,,,,,
275.893,6.8915,16.642,7.2269,37.4881,56781.944,89.6469,,,,,,,,,,
275.98,6.9569,17.7501,7.3006,38.8913,59499.128,98.722,,,,,,,,,,
276.104,6.9911,18.3282,7.3551,39.9279,59499.128,98.722,,,,,,,,,,
276.176,7.0546,19.4034,7.4104,40.9795,27735.372,-7.3662,,,,,,,,,,
276.273,7.1139,20.407,7.4818,42.3383,29287.234,-2.1831,,,,,,,,,,
276.374,7.1457,20.9448,7.5322,43.2973,29287.234,-2.1831,,,,,,,,,,
276.472,7.191,21.7116,7.5777,44.1622,22679.522,-24.2523,,,,,,,,,,
276.564,7.2279,22.3368,7.6198,44.9642,25032.928,-16.3922,,,,,,,,,,
276.668,7.2529,22.7595,7.6552,45.6365,46958.272,56.8366,,,,,,,,,,
276.767,7.2815,23.2445,7.6968,46.4292,53047.18,77.1731,,,,,,,,,,
276.862,7.32,23.8949,7.7223,46.9132,58783.12,96.3306,,,,,,,,,,
276.964,7.3398,24.2306,7.7681,47.7858,58783.12,96.3306,,,,,,,,,,
277.072,7.3759,24.8412,7.7963,48.3223,25996.39,-13.1743,,,,,,,,,,
277.156,7.4125,25.4613,7.8338,49.0345,28112.592,-6.1063,,,,,,,,,,
277.257,7.4528,26.1433,7.8607,49.5474,30213.632,0.911,,,,,,,,,,
277.348,7.485,26.688,7.8709,49.7407,30213.632,0.911,,,,,,,,,,
277.455,7.5073,27.0656,7.903,50.3506,22886.446,-23.5612,,,,,,,,,,
277.554,7.5084,27.0836,7.9074,50.4357,25185.096,-15.8839,,,,,,,,,,
277.646,7.5084,27.0836,7.9074,50.4357,46679.76,55.9064,,,,,,,,,,
277.754,7.4974,26.8985,7.8859,50.0261,53376.84,78.2741,,,,,,,,,,
277.855,7.4942,26.8441,7.8726,49.7736,59959.968,100.2612,,,,,,,,,,
277.935,7.4894,26.7625,7.8607,49.5471,59959.968,100.2612,,,,,,,,,,
278.048,7.4884,26.7458,7.8445,49.2391,26657.692,-10.9656,,,,,,,,,,
278.148,7.4715,26.4587,7.8273,48.9104,26657.692,-10.9656,,,,,,,,,,
278.253,7.4696,26.4278,7.8081,48.5469,26583.674,-11.2128,,,,,,,,,,
278.343,7.4552,26.1829,7.7999,48.3898,50185.112,67.614,,,,,,,,,,
278.454,7.4466,26.0374,7.7741,47.8988,52651.344,75.851,,,,,,,,,,
278.545,7.4221,25.6231,7.7556,47.5465,56746.192,89.5274,,,,,,,,,,
278.656,7.4141,25.4885,7.7493,47.4266,56746.192,89.5274,,,,,,,,,,
278.732,7.4111,25.4374,7.7325,47.1086,25985.046,-13.2122,,,,,,,,,,
278.832,7.4058,25.3473,7.7082,46.6446,27822.788,-7.0743,,,,,,,,,,
278.926,7.3897,25.0756,7.6916,46.3291,27822.788,-7.0743,,,,,,,,,,
279.032,7.3748,24.8221,7.6778,46.0678,22987.434,-23.2239,,,,,,,,,,
279.13,7.3551,24.4895,7.6702,45.9231,25156.086,-15.9808,,,,,,,,,,
279.221,7.3551,24.4895,7.659,45.7094,47807.152,59.6718,,,,,,,,,,
279.393,7.3488,24.383,7.6606,45.7395,51797.532,72.9993,,,,,,,,,,
279.412,7.3514,24.4271,7.6611,45.7502,54390.972,81.6612,,,,,,,,,,
279.516,7.3587,24.5504,7.6667,45.8556,58159.848,94.2489,,,,,,,,,,
279.617,7.3677,24.702,7.6718,45.9532,58159.848,94.2489,,,,,,,,,,
279.716,7.3734,24.7995,7.6737,45.9882,26992.906,-9.846,,,,,,,,,,
279.812,7.3734,24.7995,7.6763,46.0389,28565.098,-4.595,,,,,,,,,,
279.911,7.3736,24.8026,7.6764,46.0397,28565.098,-4.595,,,,,,,,,,
280.002,7.3736,24.8026,7.6764,46.0397,23199.51,-22.5156,,,,,,,,,,
280.102,7.3724,24.7827,7.6751,46.0162,25616.596,-14.4428,,,,,,,,,,
280.201,7.3707,24.7533,7.6684,45.8887,48509.856,62.0188,,,,,,,,,,
280.332,7.3654,24.6642,7.6651,45.8256,53535.712,78.8047,,,,,,,,,,
280.402,7.3613,24.5944,7.6574,45.6786,56866.772,89.9302,,,,,,,,,,
280.496,7.354,24.4707,7.6503,45.5432,56866.772,89.9302,,,,,,,,,,
280.603,7.3503,24.4088,7.65,45.5373,25728.368,-14.0694,,,,,,,,,,
280.69,7.3417,24.2626,7.6416,45.3778,27300.986,-8.817,,,,,,,,,,
280.796,7.3399,24.2319,7.625,45.0629,29298.426,-2.1458,,,,,,,,,,
280.895,7.3564,24.511,7.6393,45.3349,29298.426,-2.1458,,,,,,,,,,
280.985,7.3642,24.6428,7.6472,45.4849,23403.972,-21.8327,,,,,,,,,,
281.08,7.3753,24.8316,7.6705,45.9278,25877.732,-13.5706,,,,,,,,,,
281.183,7.3945,25.1561,7.7005,46.4982,48986.6,63.6111,,,,,,,,,,
281.279,7.4106,25.4295,7.7314,47.0863,54750.396,82.8617,,,,,,,,,,
281.38,7.4213,25.6095,7.743,47.3069,58889.104,96.6846,,,,,,,,,,
281.476,7.4304,25.7633,7.7522,47.4817,58889.104,96.6846,,,,,,,,,,
281.581,7.4304,25.7633,7.7522,47.4817,26514.054,-11.4453,,,,,,,,,,
281.678,7.4206,25.5985,7.7508,47.4556,26514.054,-11.4453,,,,,,,,,,
281.778,7.4206,25.5985,7.7392,47.2354,26490.62,-11.5236,,,,,,,,,,
281.873,7.4138,25.4823,7.7266,46.9951,47960.624,60.1844,,,,,,,,,,
281.975,7.4107,25.4297,7.7223,46.9143,52165.864,74.2295,,,,,,,,,,
282.104,7.4018,25.2795,7.7151,46.7763,56097.48,87.3608,,,,,,,,,,
282.171,7.4067,25.3628,7.7051,46.5871,56097.48,87.3608,,,,,,,,,,
282.273,7.4107,25.4301,7.702,46.5268,25558.778,-14.6359,191190.736,3.4513,,,,,,,,
282.372,7.4107,25.4301,7.6931,46.3574,50472.26,68.573,,,,,,,,,,
282.467,7.414,25.4871,7.6804,46.1159,50472.26,68.573,,,,,,,,,,
282.567,7.414,25.4871,7.6741,45.9974,27499.028,-8.1556,189790.704,2.6938,,,,,,,,
282.707,7.4076,25.3787,7.6741,45.9974,55390.104,84.9982,,,,,,,,,,
282.79,7.4092,25.4058,7.6642,45.8091,196492.992,556.2698,,,,,,,,,,
282.872,7.4249,25.671,7.6585,45.7005,196492.992,556.2698,,,,,,,,,,
282.966,7.4255,25.6803,7.6499,45.5366,28793.584,-3.8319,,,,,,,,,,
283.059,7.4255,25.6803,7.6417,45.3806,26421.478,-11.7545,,,,,,,,,,
283.163,7.4114,25.4422,7.6324,45.2036,49729.536,66.0924,,,,,,,,,,
283.292,7.4036,25.3109,7.6216,44.998,54860.272,83.2286,,,,,,,,,,
283.355,7.4036,25.3109,7.606,44.7008,58337.688,94.8429,,,,,,,,,,
283.461,7.4023,25.288,7.5997,44.5808,58337.688,94.8429,,,,,,,,,,
283.558,7.402,25.2841,7.593,44.4536,26670.576,-10.9225,,,,,,,,,,
283.655,7.3965,25.1896,7.5842,44.2868,28347.344,-5.3223,,,,,,,,,,
283.746,7.3964,25.1881,7.5688,43.9931,28347.344,-5.3223,,,,,,,,,,
283.881,7.3914,25.1041,7.5603,43.8324,21480.326,-28.2575,,,,,,,,,,
283.947,7.3899,25.078,7.5516,43.6665,23566.794,-21.2889,,,,,,,,,,
284.044,7.3889,25.0623,7.5465,43.5686,26253.726,-12.3148,,,,,,,,,,
284.14,7.3786,24.8869,7.5281,43.2198,49807.212,66.3518,,,,,,,,,,
284.237,7.3626,24.6166,7.5228,43.1179,55952.992,86.8782,,,,,,,,,,
284.335,7.3532,24.4578,7.5199,43.0632,60541.708,102.2041,,,,,,,,,,
284.485,7.3386,24.2094,7.5135,42.9417,60541.708,102.2041,,,,,,,,,,
284.535,7.3323,24.1036,7.5135,42.9417,27510.01,-8.1189,,,,,,,,,,
284.628,7.3269,24.0125,7.5114,42.9006,29405.366,-1.7886,,,,,,,,,,
284.727,7.3289,24.0465,7.4996,42.6761,29405.366,-1.7886,,,,,,,,,,
284.831,7.3289,24.0465,7.4923,42.5387,21764.084,-27.3098,,,,,,,,,,
284.921,7.3246,23.9731,7.4894,42.4836,23811.954,-20.4701,,,,,,,,,,
285.023,7.3231,23.9472,7.4864,42.4251,42961.824,43.4888,,,,,,,,,,
285.148,7.3168,23.8404,7.4803,42.3092,49746.292,66.1484,,,,,,,,,,
285.255,7.3136,23.7869,7.4761,42.2294,49746.292,66.1484,,,,,,,,,,
285.324,7.3107,23.738,7.474,42.1907,29340.21,-2.0062,,,,,,,,,,
285.428,7.3106,23.737,7.4718,42.1487,29340.21,-2.0062,,,,,,,,,,
285.517,7.3092,23.7119,7.4676,42.0675,23857.356,-20.3185,,,,,,,,,,
285.628,7.303,23.6068,7.4655,42.0289,25428.02,-15.0726,,,,,,,,,,
285.719,7.2997,23.5516,7.458,41.885,48411.328,61.6897,,,,,,,,,,
285.812,7.2959,23.4871,7.4492,41.7187,50967.576,70.2274,,,,,,,,,,
285.908,7.2859,23.3185,7.4477,41.6889,55098.396,84.0239,,,,,,,,,,
286.007,7.2844,23.2929,7.4437,41.6142,55098.396,84.0239,,,,,,,,,,
286.12,7.2804,23.225,7.4413,41.5682,25011.836,-16.4626,,,,,,,,,,
286.203,7.275,23.1331,7.4361,41.4683,26321.826,-12.0873,,,,,,,,,,
286.327,7.2784,23.1908,7.4336,41.4215,29165.97,-2.5881,,,,,,,,,,
286.399,7.2784,23.1908,7.4315,41.3809,29165.97,-2.5881,,,,,,,,,,
286.501,7.2784,23.1908,7.4276,41.3077,24215.06,-19.1238,,,,,,,,,,
286.602,7.2662,22.9849,7.4233,41.2256,26087.358,-12.8704,,,,,,,,,,
286.703,7.2485,22.6852,7.4193,41.1492,50059.652,67.195,,,,,,,,,,
286.791,7.2357,22.4679,7.4087,40.9469,53561.452,78.8907,,,,,,,,,,
286.901,7.222,22.2371,7.4085,40.9431,56296.64,88.026,,,,,,,,,,
286.991,7.215,22.1189,7.4029,40.837,56296.64,88.026,,,,,,,,,,
287.086,7.2105,22.0412,7.4005,40.7908,25875.008,-13.5797,,,,,,,,,,
287.184,7.2086,22.0093,7.396,40.7053,27286.398,-8.8658,,,,,,,,,,
287.281,7.2053,21.9544,7.3922,40.6339,27286.398,-8.8658,,,,,,,,,,
287.379,7.2016,21.8907,7.3847,40.4902,21928.244,-26.7615,,,,,,,,,,
287.484,7.1989,21.8456,7.3774,40.3514,24253.364,-18.9958,,,,,,,,,,
287.576,7.1901,21.6962,7.3719,40.2484,26567.202,-11.2678,,,,,,,,,,
287.674,7.1722,21.3937,7.3689,40.1901,51192.64,70.9791,,,,,,,,,,
287.773,7.1659,21.2874,7.3645,40.1071,55202.7,84.3723,,,,,,,,,,
287.877,7.1568,21.1339,7.3569,39.9617,57694.408,92.6944,,,,,,,,,,
287.968,7.1526,21.0619,7.3515,39.8599,57694.408,92.6944,,,,,,,,,,
288.081,7.1484,20.9904,7.3481,39.7949,26880.642,-10.2209,,,,,,,,,,
288.16,7.1401,20.8512,7.3458,39.7517,28250.406,-5.6461,,,,,,,,,,
288.262,7.1403,20.8534,7.3424,39.6864,28250.406,-5.6461,,,,,,,,,,
288.374,7.1404,20.8558,7.3347,39.5407,22187.044,-25.8972,,,,,,,,,,
288.47,7.1404,20.8558,7.3282,39.4154,53685.048,79.3035,,,,,,,,,,
288.566,7.1351,20.7652,7.3239,39.3352,56318.38,88.0986,,,,,,,,,,
288.702,7.1285,20.6534,7.3162,39.1876,56318.38,88.0986,,,,,,,,,,
288.759,7.1261,20.6139,7.311,39.0893,26577.974,-11.2318,194364.48,5.1686,,,,,,,,
288.859,7.126,20.6123,7.3087,39.0458,51121.872,70.7427,,,,,,,,,,
288.957,7.126,20.6123,7.3054,38.9815,51121.872,70.7427,,,,,,,,,,
289.056,7.1243,20.5837,7.3044,38.9628,28737.844,-4.0181,189363.472,2.4626,,,,,,,,
289.151,7.1169,20.4569,7.3002,38.884,58978.324,96.9826,,,,,,,,,,
289.292,7.11,20.3414,7.2939,38.7642,58978.324,96.9826,,,,,,,,,,
289.355,7.1026,20.2165,7.2885,38.6612,26771.792,-10.5845,,,,,,,,,,
289.46,7.0957,20.0989,7.2836,38.5677,26771.792,-10.5845,,,,,,,,,,
289.554,7.0944,20.0771,7.2755,38.4128,26875.534,-10.238,,,,,,,,,,
289.658,7.0747,19.7431,7.2704,38.3157,51328.024,71.4312,,,,,,,,,,
289.75,7.0661,19.5973,7.2617,38.1516,54469.908,81.9248,,,,,,,,,,
289.856,7.0533,19.3807,7.2526,37.9772,57748.828,92.8762,,,,,,,,,,
289.951,7.0475,19.2831,7.2468,37.8684,57748.828,92.8762,,,,,,,,,,
290.047,7.0466,19.2683,7.2419,37.7747,26654.492,-10.9763,,,,,,,,,,
290.147,7.0451,19.2433,7.2407,37.7523,28002.728,-6.4733,,,,,,,,,,
290.246,7.04,19.1555,7.2374,37.6896,28002.728,-6.4733,,,,,,,,,,
290.343,7.0451,19.2427,7.2353,37.6492,22436.08,-25.0654,,,,,,,,,,
290.502,7.0451,19.2427,7.2304,37.5561,24907.048,-16.8126,,,,,,,,,,
290.54,7.042,19.1904,7.2275,37.5007,46670.076,55.8741,,,,,,,,,,
290.639,7.0313,19.0082,7.2255,37.4614,52276.112,74.5978,,,,,,,,,,
290.734,7.0139,18.7138,7.2214,37.3851,56603.624,89.0513,,,,,,,,,,
290.831,7.0067,18.5923,7.2147,37.2572,59013.436,97.0998,,,,,,,,,,
290.926,7.0019,18.5107,7.2073,37.1158,59013.436,97.0998,,,,,,,,,,
291.053,7.0019,18.5107,7.2053,37.0783,27677.34,-7.56,,,,,,,,,,
291.127,7.0045,18.5555,7.2003,36.9835,29074.304,-2.8943,,,,,,,,,,
291.225,7.0045,18.5555,7.1955,36.8914,29074.304,-2.8943,,,,,,,,,,
291.321,7.0037,18.5421,7.1911,36.8077,22698.618,-24.1886,,,,,,,,,,
291.416,7.0014,18.5031,7.1911,36.8077,25074.284,-16.254,,,,,,,,,,
291.524,7.0014,18.5031,7.1825,36.6445,47006.264,56.9969,,,,,,,,,,
291.653,6.9894,18.2989,7.1804,36.6038,53036.696,77.138,,,,,,,,,,
291.715,6.9764,18.0801,7.174,36.4822,58133.404,94.1606,,,,,,,,,,
291.816,6.97,17.972,7.1701,36.4091,58133.404,94.1606,,,,,,,,,,
291.905,6.9625,17.8449,7.1701,36.4091,26022.2,-13.0881,,,,,,,,,,
292.005,6.9575,17.7597,7.1635,36.2831,28116.374,-6.0937,,,,,,,,,,
292.099,6.9563,17.7394,7.1607,36.2294,29954.36,0.045,,,,,,,,,,
292.212,6.9563,17.7394,7.1581,36.1799,29954.36,0.045,,,,,,,,,,
292.338,6.9528,17.6797,7.1558,36.1356,22936.15,-23.3952,,,,,,,,,,
292.412,6.947,17.5818,7.1535,36.0928,25281.24,-15.5628,,,,,,,,,,
292.535,6.9339,17.3596,7.1535,36.0928,47193.608,57.6226,,,,,,,,,,
292.621,6.9251,17.2106,7.1487,36.0003,47193.608,57.6226,,,,,,,,,,
292.702,6.919,17.1082,7.1449,35.9287,27599.658,-7.8195,,,,,,,,,,
292.803,6.9181,17.0922,7.1449,35.9287,27599.658,-7.8195,,,,,,,,,,
292.897,6.9141,17.026,7.1318,35.6796,22822.352,-23.7753,,,,,,,,,,
293.002,6.9077,16.9176,7.1318,35.6796,24482.792,-18.2296,,,,,,,,,,
293.1,6.9059,16.887,7.1302,35.6493,26227.716,-12.4017,,,,,,,,,,
293.194,6.8983,16.757,7.1302,35.6493,49289.5,64.6227,,,,,,,,,,
293.286,6.8925,16.66,7.1205,35.464,52811.392,76.3855,,,,,,,,,,
293.394,6.89,16.618,7.1158,35.3757,57203.324,91.0542,,,,,,,,,,
293.5,6.8895,16.6095,7.1132,35.325,57203.324,91.0542,,,,,,,,,,
293.591,6.8892,16.6046,7.1105,35.2736,25745.24,-14.0131,,,,,,,,,,
293.679,6.8826,16.492,7.1072,35.2109,27624.766,-7.7356,,,,,,,,,,
293.787,6.8825,16.4908,7.1072,35.2109,27624.766,-7.7356,,,,,,,,,,
293.876,6.8812,16.4689,7.1067,35.2017,23077.486,-22.9232,,,,,,,,,,
293.976,6.8735,16.3381,7.1037,35.1454,25023.63,-16.4232,,,,,,,,,,
294.123,6.8734,16.3369,7.1006,35.0865,47714.04,59.3608,,,,,,,,,,
294.171,6.8657,16.2068,7.0957,34.9935,51263.956,71.2172,,,,,,,,,,
294.264,6.8576,16.0682,7.0878,34.8435,53922.752,80.0974,,,,,,,,,,
294.38,6.8565,16.0509,7.085,34.7901,58418.684,95.1134,,,,,,,,,,
294.469,6.8541,16.0104,7.0853,34.7944,58418.684,95.1134,,,,,,,,,,
294.563,6.8537,16.0036,7.0853,34.7944,26905.736,-10.1371,,,,,,,,,,
294.699,6.853,15.9906,7.0797,34.6893,28335.308,-5.3625,,,,,,,,,,
294.762,6.853,15.9906,7.0776,34.648,28335.308,-5.3625,,,,,,,,,,
294.856,6.8533,15.9963,7.0712,34.5265,23328.856,-22.0836,,,,,,,,,,
294.956,6.8554,16.032,7.0632,34.3745,25563.848,-14.6189,,,,,,,,,,
295.063,6.8554,16.032,7.0603,34.3199,48582.168,62.2603,,,,,,,,,,
295.156,6.85,15.9398,7.0576,34.2686,52924.196,76.7623,,,,,,,,,,
295.26,6.8471,15.8904,7.0596,34.3054,52924.196,76.7623,,,,,,,,,,
295.356,6.8548,16.0224,7.0596,34.3054,33377.656,11.4785,,,,,,,,,,
295.45,6.8565,16.0506,7.0584,34.2829,33377.656,11.4785,,,,,,,,,,
295.552,6.8581,16.0772,7.0557,34.2313,24130.346,-19.4067,,,,,,,,,,
295.648,6.8581,16.0772,7.0554,34.2267,25778.486,-13.9021,,,,,,,,,,
295.746,6.844,15.8393,7.0474,34.0745,47360.2,58.179,,,,,,,,,,
295.859,6.8448,15.852,7.0471,34.0682,51066.004,70.5561,,,,,,,,,,
295.952,6.8448,15.852,7.0387,33.9087,54144.48,80.8379,,,,,,,,,,
296.039,6.8452,15.8598,7.0298,33.7396,54144.48,80.8379,,,,,,,,,,
296.137,6.8456,15.865,7.0269,33.6832,24954.896,-16.6528,188895.68,2.2095,,,,,,,,
296.233,6.8456,15.865,7.0231,33.6123,48955.144,63.506,,,,,,,,,,
296.347,6.8431,15.8235,7.0203,33.5584,48955.144,63.506,,,,,,,,,,
296.435,6.8432,15.8246,7.0158,33.472,27009.652,-9.7901,,,,,,,,,,
296.535,6.8432,15.8246,7.014,33.4388,29768.85,-0.5746,187379.408,1.389,,,,,,,,
296.633,6.8404,15.7772,7.0089,33.3412,63089.4,110.7132,,,,,,,,,,
296.737,6.8465,15.8815,6.9999,33.1709,63089.4,110.7132,,,,,,,,,,
296.835,6.8574,16.0649,6.9961,33.0975,27626.896,-7.7285,,,,,,,,,,
296.937,6.862,16.1429,6.995,33.0768,25960.432,-13.2944,,,,,,,,,,
297.027,6.862,16.1429,6.9901,32.9848,49130.488,64.0916,,,,,,,,,,
297.151,6.8578,16.0716,6.987,32.925,52705.82,76.0329,,,,,,,,,,
297.236,6.8571,16.0604,6.983,32.8494,52705.82,76.0329,,,,,,,,,,
297.334,6.8564,16.0489,6.9819,32.8274,26672.894,-10.9148,,,,,,,,,,
297.433,6.8532,15.9948,6.9707,32.6145,49417.0,65.0486,,,,,,,,,,
297.528,6.8501,15.9416,6.9679,32.5622,55942.248,86.8423,,,,,,,,,,
297.643,6.8501,15.9416,6.968,32.5631,61251.556,104.575,,,,,,,,,,
297.723,6.8461,15.8743,6.968,32.5631,61251.556,104.575,,,,,,,,,,
297.819,6.8451,15.8566,6.9649,32.5038,27641.518,-7.6797,,,,,,,,,,
297.929,6.8451,15.8566,6.9633,32.4735,29672.688,-0.8958,,,,,,,,,,
298.018,6.844,15.8394,6.9615,32.4389,29672.688,-0.8958,,,,,,,,,,
298.121,6.844,15.8394,6.9594,32.3992,21812.29,-27.1488,,,,,,,,,,
298.212,6.8433,15.8263,6.9546,32.3079,23732.978,-20.7339,,,,,,,,,,
298.316,6.8433,15.8263,6.9538,32.2935,42399.928,41.6121,,,,,,,,,,
298.412,6.8325,15.6448,6.9538,32.2935,49330.54,64.7598,,,,,,,,,,
298.509,6.8229,15.4823,6.9461,32.1461,56293.28,88.0148,,,,,,,,,,
298.606,6.8148,15.3439,6.9448,32.1228,63029.312,110.5125,,,,,,,,,,
298.709,6.8148,15.3439,6.9439,32.1053,63029.312,110.5125,,,,,,,,,,
298.831,6.8121,15.2997,6.9439,32.1053,28425.9,-5.0599,,,,,,,,,,
298.902,6.8194,15.4221,6.9405,32.041,30645.186,2.3523,,,,,,,,,,
299.001,6.823,15.4831,6.9405,32.0394,30645.186,2.3523,,,,,,,,,,
299.099,6.8326,15.6454,6.9325,31.8877,22253.948,-25.6737,,,,,,,,,,
299.217,6.8341,15.6712,6.9305,31.8491,23912.126,-20.1355,,,,,,,,,,
299.294,6.8346,15.6794,6.9293,31.8269,42289.848,41.2445,,,,,,,,,,
299.44,6.8348,15.6832,6.9291,31.8226,49128.992,64.0866,,,,,,,,,,
299.504,6.8349,15.6853,6.9277,31.7966,56489.976,88.6717,,,,,,,,,,
299.592,6.8353,15.6912,6.926,31.7644,56489.976,88.6717,,,,,,,,,,
299.685,6.8365,15.7127,6.926,31.7644,26050.186,-12.9946,,,,,,,,,,
299.781,6.8403,15.7764,6.9231,31.7095,28674.536,-4.2295,,,,,,,,,,
299.881,6.8428,15.8183,6.9231,31.7095,31512.15,5.2479,,,,,,,,,,
299.992,6.8453,15.86,6.9226,31.6999,31512.15,5.2479,,,,,,,,,,
