split_mode,channel_mode,stage,grid_idx,best_epoch,best_val_macro_f1,test_accuracy,test_macro_f1,artifacts_dir,learning_rate,weight_decay,loss_type,focal_gamma,label_smoothing,mixup_alpha,mixup_prob,aug_shift_max,aug_noise_std,aug_scale_min,aug_scale_max,aug_drift_max,aug_time_mask_prob,aug_time_mask_max_width
group_by_file,ch1,stage1,1,31,0.4520125944729818,0.7,0.4994639416311243,d:\huxi\morse_train\digit_task_20260301_new69_cuda\stage1\group_by_file__ch1__g1,0.0008,0.0001,focal,1.5,0.0,0.2,0.5,20,0.03,0.8,1.2,0.12,0.45,36
group_by_file,ch2,stage1,2,30,0.4411542730299667,0.6833333333333333,0.5018526983297782,d:\huxi\morse_train\digit_task_20260301_new69_cuda\stage1\group_by_file__ch2__g2,0.0004,0.0002,focal,2.0,0.0,0.2,0.4,16,0.025,0.82,1.18,0.1,0.4,30
group_by_file,dual,stage1,1,35,0.4733771929824561,0.7083333333333334,0.5139586955376428,d:\huxi\morse_train\digit_task_20260301_new69_cuda\stage1\group_by_file__dual__g1,0.0008,0.0001,focal,1.5,0.0,0.2,0.5,20,0.03,0.8,1.2,0.12,0.45,36
group_by_file_stratified,ch1,stage1,1,32,0.7428126628545602,0.8296296296296296,0.7875032774612017,d:\huxi\morse_train\digit_task_20260301_new69_cuda\stage1\group_by_file_stratified__ch1__g1,0.0008,0.0001,focal,1.5,0.0,0.2,0.5,20,0.03,0.8,1.2,0.12,0.45,36
group_by_file_stratified,ch2,stage1,1,30,0.7157273302192816,0.8518518518518519,0.8262353000743092,d:\huxi\morse_train\digit_task_20260301_new69_cuda\stage1\group_by_file_stratified__ch2__g1,0.0008,0.0001,focal,1.5,0.0,0.2,0.5,20,0.03,0.8,1.2,0.12,0.45,36
group_by_file_stratified,dual,stage1,1,34,0.7297532027421174,0.8148148148148148,0.7998939156873843,d:\huxi\morse_train\digit_task_20260301_new69_cuda\stage1\group_by_file_stratified__dual__g1,0.0008,0.0001,focal,1.5,0.0,0.2,0.5,20,0.03,0.8,1.2,0.12,0.45,36
random_segments,ch1,stage1,3,34,0.8694882997978974,0.9387755102040817,0.9353326498063341,d:\huxi\morse_train\digit_task_20260301_new69_cuda\stage1\random_segments__ch1__g3,0.0006,0.0001,ce,2.0,0.0,0.0,0.0,14,0.02,0.85,1.15,0.08,0.35,24
random_segments,ch2,stage1,0,34,0.8554762196867459,0.9285714285714286,0.9155555555555557,d:\huxi\morse_train\digit_task_20260301_new69_cuda\stage1\random_segments__ch2__g0,0.0006,0.00015,ce,2.0,0.05,0.4,0.6,18,0.03,0.8,1.2,0.1,0.45,30
random_segments,dual,stage1,1,24,0.7905317197422459,0.8877551020408163,0.8871497221961618,d:\huxi\morse_train\digit_task_20260301_new69_cuda\stage1\random_segments__dual__g1,0.0008,0.0001,focal,1.5,0.0,0.2,0.5,20,0.03,0.8,1.2,0.12,0.45,36
