stage,split_mode,channel_mode,best_epoch,best_val_macro_f1,test_accuracy,test_macro_f1,artifacts_dir,learning_rate,weight_decay,loss_type,focal_gamma,label_smoothing,mixup_alpha,mixup_prob,aug_shift_max,aug_noise_std,aug_scale_min,aug_scale_max,aug_drift_max,aug_time_mask_prob,aug_time_mask_max_width
stage2,group_by_file,ch1,74,0.5693603878332942,0.8583333333333333,0.5903081757276459,d:\huxi\morse_train\digit_task_20260301_new69_cuda\stage2\group_by_file__ch1,0.0008,0.0001,focal,1.5,0.0,0.2,0.5,20,0.03,0.8,1.2,0.12,0.45,36
stage2,group_by_file,ch2,79,0.5703920145190563,0.8,0.5622286931285333,d:\huxi\morse_train\digit_task_20260301_new69_cuda\stage2\group_by_file__ch2,0.0004,0.0002,focal,2.0,0.0,0.2,0.4,16,0.025,0.82,1.18,0.1,0.4,30
stage2,group_by_file,dual,74,0.592551724137931,0.9,0.6414329878531295,d:\huxi\morse_train\digit_task_20260301_new69_cuda\stage2\group_by_file__dual,0.0008,0.0001,focal,1.5,0.0,0.2,0.5,20,0.03,0.8,1.2,0.12,0.45,36
stage2,group_by_file_stratified,ch1,60,0.9235958207872159,0.9481481481481482,0.9445798107308405,d:\huxi\morse_train\digit_task_20260301_new69_cuda\stage2\group_by_file_stratified__ch1,0.0008,0.0001,focal,1.5,0.0,0.2,0.5,20,0.03,0.8,1.2,0.12,0.45,36
stage2,group_by_file_stratified,ch2,97,0.8952648800474886,0.9333333333333333,0.9228777212456691,d:\huxi\morse_train\digit_task_20260301_new69_cuda\stage2\group_by_file_stratified__ch2,0.0008,0.0001,focal,1.5,0.0,0.2,0.5,20,0.03,0.8,1.2,0.12,0.45,36
stage2,group_by_file_stratified,dual,68,0.8939946219020255,0.9407407407407408,0.9381971595655806,d:\huxi\morse_train\digit_task_20260301_new69_cuda\stage2\group_by_file_stratified__dual,0.0008,0.0001,focal,1.5,0.0,0.2,0.5,20,0.03,0.8,1.2,0.12,0.45,36
stage2,random_segments,ch1,97,0.9479669805374475,0.9897959183673469,0.9885714285714287,d:\huxi\morse_train\digit_task_20260301_new69_cuda\stage2\random_segments__ch1,0.0006,0.0001,ce,2.0,0.0,0.0,0.0,14,0.02,0.85,1.15,0.08,0.35,24
stage2,random_segments,ch2,58,0.9609195089172206,0.9591836734693877,0.9560531764193092,d:\huxi\morse_train\digit_task_20260301_new69_cuda\stage2\random_segments__ch2,0.0006,0.00015,ce,2.0,0.05,0.4,0.6,18,0.03,0.8,1.2,0.1,0.45,30
stage2,random_segments,dual,83,0.9721703925365253,0.9693877551020408,0.9666416040100252,d:\huxi\morse_train\digit_task_20260301_new69_cuda\stage2\random_segments__dual,0.0008,0.0001,focal,1.5,0.0,0.2,0.5,20,0.03,0.8,1.2,0.12,0.45,36
